2025-12-18 00:16:35,842 INFO o.h.v.i.u.Version [background-preinit] HV000001: Hibernate Validator 8.0.2.Final
2025-12-18 00:16:35,865 INFO o.s.b.StartupInfoLogger [restartedMain] Starting TailoraApplication using Java 17.0.1 with PID 174954 (/Userdisk/workspaces/P_Projects/Tailora/target/classes started by karunkumar in /Userdisk/workspaces/P_Projects/Tailora)
2025-12-18 00:16:35,865 INFO o.s.b.SpringApplication [restartedMain] The following 1 profile is active: "dev"
2025-12-18 00:16:35,894 INFO o.s.b.l.DeferredLog [restartedMain] Devtools property defaults active! Set 'spring.devtools.add-properties' to 'false' to disable
2025-12-18 00:16:35,894 INFO o.s.b.l.DeferredLog [restartedMain] For additional web related logging consider setting the 'logging.level.web' property to 'DEBUG'
2025-12-18 00:16:36,467 INFO o.s.d.r.c.RepositoryConfigurationDelegate [restartedMain] Bootstrapping Spring Data JPA repositories in DEFAULT mode.
2025-12-18 00:16:36,509 INFO o.s.d.r.c.RepositoryConfigurationDelegate [restartedMain] Finished Spring Data repository scanning in 35 ms. Found 7 JPA repository interfaces.
2025-12-18 00:16:36,890 INFO o.s.b.w.e.t.TomcatWebServer [restartedMain] Tomcat initialized with port 8080 (http)
2025-12-18 00:16:36,896 INFO o.a.j.l.DirectJDKLog [restartedMain] Initializing ProtocolHandler ["http-nio-8080"]
2025-12-18 00:16:36,898 INFO o.a.j.l.DirectJDKLog [restartedMain] Starting service [Tomcat]
2025-12-18 00:16:36,898 INFO o.a.j.l.DirectJDKLog [restartedMain] Starting Servlet engine: [Apache Tomcat/10.1.40]
2025-12-18 00:16:36,925 INFO o.a.j.l.DirectJDKLog [restartedMain] Initializing Spring embedded WebApplicationContext
2025-12-18 00:16:36,925 INFO o.s.b.w.s.c.ServletWebServerApplicationContext [restartedMain] Root WebApplicationContext: initialization completed in 1030 ms
2025-12-18 00:16:37,005 INFO o.h.j.i.u.LogHelper [restartedMain] HHH000204: Processing PersistenceUnitInfo [name: default]
2025-12-18 00:16:37,047 INFO o.h.Version [restartedMain] HHH000412: Hibernate ORM core version 6.6.13.Final
2025-12-18 00:16:37,067 INFO o.h.c.i.RegionFactoryInitiator [restartedMain] HHH000026: Second-level cache disabled
2025-12-18 00:16:37,212 INFO o.s.o.j.p.SpringPersistenceUnitInfo [restartedMain] No LoadTimeWeaver setup: ignoring JPA class transformer
2025-12-18 00:16:37,231 INFO c.z.h.HikariDataSource [restartedMain] HikariPool-1 - Starting...
2025-12-18 00:16:37,359 INFO c.z.h.p.HikariPool [restartedMain] HikariPool-1 - Added connection conn0: url=jdbc:h2:file:/Userdisk/workspaces/P_Projects/Tailora/src/main/resources/tailora_db user=ROOT
2025-12-18 00:16:37,361 INFO c.z.h.HikariDataSource [restartedMain] HikariPool-1 - Start completed.
2025-12-18 00:16:37,375 WARN o.h.e.j.d.i.DialectFactoryImpl [restartedMain] HHH90000025: H2Dialect does not need to be specified explicitly using 'hibernate.dialect' (remove the property setting and it will be selected by default)
2025-12-18 00:16:37,388 INFO o.h.e.j.e.i.JdbcEnvironmentInitiator [restartedMain] HHH10001005: Database info:
	Database JDBC URL [Connecting through datasource 'HikariDataSource (HikariPool-1)']
	Database driver: undefined/unknown
	Database version: 2.3.232
	Autocommit mode: undefined/unknown
	Isolation level: undefined/unknown
	Minimum pool size: undefined/unknown
	Maximum pool size: undefined/unknown
2025-12-18 00:16:38,020 INFO o.h.e.t.j.p.i.JtaPlatformInitiator [restartedMain] HHH000489: No JTA platform available (set 'hibernate.transaction.jta.platform' to enable JTA platform integration)
2025-12-18 00:16:38,063 INFO o.s.o.j.AbstractEntityManagerFactoryBean [restartedMain] Initialized JPA EntityManagerFactory for persistence unit 'default'
2025-12-18 00:16:38,313 INFO o.s.d.j.r.q.QueryEnhancerFactory [restartedMain] Hibernate is in classpath; If applicable, HQL parser will be used.
2025-12-18 00:16:38,615 INFO o.s.s.c.a.a.c.InitializeAuthenticationProviderBeanManagerConfigurer$InitializeAuthenticationProviderManagerConfigurer [restartedMain] Global AuthenticationManager configured with AuthenticationProvider bean with name authenticationProvider
2025-12-18 00:16:38,616 WARN o.s.s.c.a.a.c.InitializeUserDetailsBeanManagerConfigurer$InitializeUserDetailsManagerConfigurer [restartedMain] Global AuthenticationManager configured with an AuthenticationProvider bean. UserDetailsService beans will not be used by Spring Security for automatically configuring username/password login. Consider removing the AuthenticationProvider bean. Alternatively, consider using the UserDetailsService in a manually instantiated DaoAuthenticationProvider. If the current configuration is intentional, to turn off this warning, increase the logging level of 'org.springframework.security.config.annotation.authentication.configuration.InitializeUserDetailsBeanManagerConfigurer' to ERROR
2025-12-18 00:16:38,746 WARN o.s.b.a.o.j.JpaBaseConfiguration$JpaWebConfiguration [restartedMain] spring.jpa.open-in-view is enabled by default. Therefore, database queries may be performed during view rendering. Explicitly configure spring.jpa.open-in-view to disable this warning
2025-12-18 00:16:39,117 INFO o.s.b.a.h.H2ConsoleAutoConfiguration$H2ConsoleLogger [restartedMain] H2 console available at '/h2-console'. Database available at 'jdbc:h2:file:/Userdisk/workspaces/P_Projects/Tailora/src/main/resources/tailora_db'
2025-12-18 00:16:39,150 WARN o.s.s.c.a.w.b.WebSecurity [restartedMain] You are asking Spring Security to ignore Ant [pattern='/h2-console/**']. This is not recommended -- please use permitAll via HttpSecurity#authorizeHttpRequests instead.
2025-12-18 00:16:39,180 INFO o.s.b.d.a.OptionalLiveReloadServer [restartedMain] LiveReload server is running on port 35729
2025-12-18 00:16:39,211 INFO o.a.j.l.DirectJDKLog [restartedMain] Starting ProtocolHandler ["http-nio-8080"]
2025-12-18 00:16:39,222 INFO o.s.b.w.e.t.TomcatWebServer [restartedMain] Tomcat started on port 8080 (http) with context path '/'
2025-12-18 00:16:39,228 INFO o.s.b.StartupInfoLogger [restartedMain] Started TailoraApplication in 3.692 seconds (process running for 4.393)
2025-12-18 00:16:52,590 INFO o.a.j.l.DirectJDKLog [http-nio-8080-exec-1] Initializing Spring DispatcherServlet 'dispatcherServlet'
2025-12-18 00:16:52,590 INFO o.s.w.s.FrameworkServlet [http-nio-8080-exec-1] Initializing Servlet 'dispatcherServlet'
2025-12-18 00:16:52,593 INFO o.s.w.s.FrameworkServlet [http-nio-8080-exec-1] Completed initialization in 2 ms
2025-12-18 00:16:52,950 INFO o.s.a.AbstractOpenApiResource [http-nio-8080-exec-3] Init duration for springdoc-openapi is: 257 ms
2025-12-18 01:32:12,548 ERROR o.a.j.l.DirectJDKLog [http-nio-8080-exec-6] Servlet.service() for servlet [dispatcherServlet] in context with path [] threw exception [Request processing failed: java.lang.RuntimeException: Some error while decoding the Header] with root cause
java.lang.RuntimeException: Some error while decoding the Header
	at com.tailora.util.Helper.getHeader(Helper.java:153)
	at com.tailora.controller.AuthenticationController.register(AuthenticationController.java:54)
	at java.base/jdk.internal.reflect.NativeMethodAccessorImpl.invoke0(Native Method)
	at java.base/jdk.internal.reflect.NativeMethodAccessorImpl.invoke(NativeMethodAccessorImpl.java:77)
	at java.base/jdk.internal.reflect.DelegatingMethodAccessorImpl.invoke(DelegatingMethodAccessorImpl.java:43)
	at java.base/java.lang.reflect.Method.invoke(Method.java:568)
	at org.springframework.web.method.support.InvocableHandlerMethod.doInvoke(InvocableHandlerMethod.java:258)
	at org.springframework.web.method.support.InvocableHandlerMethod.invokeForRequest(InvocableHandlerMethod.java:191)
	at org.springframework.web.servlet.mvc.method.annotation.ServletInvocableHandlerMethod.invokeAndHandle(ServletInvocableHandlerMethod.java:118)
	at org.springframework.web.servlet.mvc.method.annotation.RequestMappingHandlerAdapter.invokeHandlerMethod(RequestMappingHandlerAdapter.java:986)
	at org.springframework.web.servlet.mvc.method.annotation.RequestMappingHandlerAdapter.handleInternal(RequestMappingHandlerAdapter.java:891)
	at org.springframework.web.servlet.mvc.method.AbstractHandlerMethodAdapter.handle(AbstractHandlerMethodAdapter.java:87)
	at org.springframework.web.servlet.DispatcherServlet.doDispatch(DispatcherServlet.java:1089)
	at org.springframework.web.servlet.DispatcherServlet.doService(DispatcherServlet.java:979)
	at org.springframework.web.servlet.FrameworkServlet.processRequest(FrameworkServlet.java:1014)
	at org.springframework.web.servlet.FrameworkServlet.doPost(FrameworkServlet.java:914)
	at jakarta.servlet.http.HttpServlet.service(HttpServlet.java:590)
	at org.springframework.web.servlet.FrameworkServlet.service(FrameworkServlet.java:885)
	at jakarta.servlet.http.HttpServlet.service(HttpServlet.java:658)
	at org.apache.catalina.core.ApplicationFilterChain.internalDoFilter(ApplicationFilterChain.java:195)
	at org.apache.catalina.core.ApplicationFilterChain.doFilter(ApplicationFilterChain.java:140)
	at org.apache.tomcat.websocket.server.WsFilter.doFilter(WsFilter.java:51)
	at org.apache.catalina.core.ApplicationFilterChain.internalDoFilter(ApplicationFilterChain.java:164)
	at org.apache.catalina.core.ApplicationFilterChain.doFilter(ApplicationFilterChain.java:140)
	at org.springframework.web.filter.OncePerRequestFilter.doFilter(OncePerRequestFilter.java:110)
	at org.apache.catalina.core.ApplicationFilterChain.internalDoFilter(ApplicationFilterChain.java:164)
	at org.apache.catalina.core.ApplicationFilterChain.doFilter(ApplicationFilterChain.java:140)
	at org.springframework.web.filter.CompositeFilter$VirtualFilterChain.doFilter(CompositeFilter.java:108)
	at org.springframework.security.web.FilterChainProxy.lambda$doFilterInternal$3(FilterChainProxy.java:231)
	at org.springframework.security.web.FilterChainProxy$VirtualFilterChain.doFilter(FilterChainProxy.java:365)
	at org.springframework.security.web.access.intercept.AuthorizationFilter.doFilter(AuthorizationFilter.java:101)
	at org.springframework.security.web.FilterChainProxy$VirtualFilterChain.doFilter(FilterChainProxy.java:374)
	at org.springframework.security.web.access.ExceptionTranslationFilter.doFilter(ExceptionTranslationFilter.java:126)
	at org.springframework.security.web.access.ExceptionTranslationFilter.doFilter(ExceptionTranslationFilter.java:120)
	at org.springframework.security.web.FilterChainProxy$VirtualFilterChain.doFilter(FilterChainProxy.java:374)
	at org.springframework.security.web.session.SessionManagementFilter.doFilter(SessionManagementFilter.java:131)
	at org.springframework.security.web.session.SessionManagementFilter.doFilter(SessionManagementFilter.java:85)
	at org.springframework.security.web.FilterChainProxy$VirtualFilterChain.doFilter(FilterChainProxy.java:374)
	at org.springframework.security.web.authentication.AnonymousAuthenticationFilter.doFilter(AnonymousAuthenticationFilter.java:100)
	at org.springframework.security.web.FilterChainProxy$VirtualFilterChain.doFilter(FilterChainProxy.java:374)
	at org.springframework.security.web.servletapi.SecurityContextHolderAwareRequestFilter.doFilter(SecurityContextHolderAwareRequestFilter.java:179)
	at org.springframework.security.web.FilterChainProxy$VirtualFilterChain.doFilter(FilterChainProxy.java:374)
	at org.springframework.security.web.savedrequest.RequestCacheAwareFilter.doFilter(RequestCacheAwareFilter.java:63)
	at org.springframework.security.web.FilterChainProxy$VirtualFilterChain.doFilter(FilterChainProxy.java:374)
	at com.tailora.security.service.AuthTokenFilter.doFilterInternal(AuthTokenFilter.java:53)
	at org.springframework.web.filter.OncePerRequestFilter.doFilter(OncePerRequestFilter.java:116)
	at org.springframework.security.web.FilterChainProxy$VirtualFilterChain.doFilter(FilterChainProxy.java:374)
	at org.springframework.security.web.authentication.logout.LogoutFilter.doFilter(LogoutFilter.java:107)
	at org.springframework.security.web.authentication.logout.LogoutFilter.doFilter(LogoutFilter.java:93)
	at org.springframework.security.web.FilterChainProxy$VirtualFilterChain.doFilter(FilterChainProxy.java:374)
	at org.springframework.security.web.header.HeaderWriterFilter.doHeadersAfter(HeaderWriterFilter.java:90)
	at org.springframework.security.web.header.HeaderWriterFilter.doFilterInternal(HeaderWriterFilter.java:75)
	at org.springframework.web.filter.OncePerRequestFilter.doFilter(OncePerRequestFilter.java:116)
	at org.springframework.security.web.FilterChainProxy$VirtualFilterChain.doFilter(FilterChainProxy.java:374)
	at org.springframework.security.web.context.SecurityContextHolderFilter.doFilter(SecurityContextHolderFilter.java:82)
	at org.springframework.security.web.context.SecurityContextHolderFilter.doFilter(SecurityContextHolderFilter.java:69)
	at org.springframework.security.web.FilterChainProxy$VirtualFilterChain.doFilter(FilterChainProxy.java:374)
	at org.springframework.security.web.context.request.async.WebAsyncManagerIntegrationFilter.doFilterInternal(WebAsyncManagerIntegrationFilter.java:62)
	at org.springframework.web.filter.OncePerRequestFilter.doFilter(OncePerRequestFilter.java:116)
	at org.springframework.security.web.FilterChainProxy$VirtualFilterChain.doFilter(FilterChainProxy.java:374)
	at org.springframework.security.web.session.DisableEncodeUrlFilter.doFilterInternal(DisableEncodeUrlFilter.java:42)
	at org.springframework.web.filter.OncePerRequestFilter.doFilter(OncePerRequestFilter.java:116)
	at org.springframework.security.web.FilterChainProxy$VirtualFilterChain.doFilter(FilterChainProxy.java:374)
	at org.springframework.security.web.FilterChainProxy.doFilterInternal(FilterChainProxy.java:233)
	at org.springframework.security.web.FilterChainProxy.doFilter(FilterChainProxy.java:191)
	at org.springframework.web.filter.CompositeFilter$VirtualFilterChain.doFilter(CompositeFilter.java:113)
	at org.springframework.web.servlet.handler.HandlerMappingIntrospector.lambda$createCacheFilter$3(HandlerMappingIntrospector.java:243)
	at org.springframework.web.filter.CompositeFilter$VirtualFilterChain.doFilter(CompositeFilter.java:113)
	at org.springframework.web.filter.CompositeFilter.doFilter(CompositeFilter.java:74)
	at org.springframework.security.config.annotation.web.configuration.WebMvcSecurityConfiguration$CompositeFilterChainProxy.doFilter(WebMvcSecurityConfiguration.java:238)
	at org.springframework.web.filter.DelegatingFilterProxy.invokeDelegate(DelegatingFilterProxy.java:362)
	at org.springframework.web.filter.DelegatingFilterProxy.doFilter(DelegatingFilterProxy.java:278)
	at org.apache.catalina.core.ApplicationFilterChain.internalDoFilter(ApplicationFilterChain.java:164)
	at org.apache.catalina.core.ApplicationFilterChain.doFilter(ApplicationFilterChain.java:140)
	at org.springframework.web.filter.RequestContextFilter.doFilterInternal(RequestContextFilter.java:100)
	at org.springframework.web.filter.OncePerRequestFilter.doFilter(OncePerRequestFilter.java:116)
	at org.apache.catalina.core.ApplicationFilterChain.internalDoFilter(ApplicationFilterChain.java:164)
	at org.apache.catalina.core.ApplicationFilterChain.doFilter(ApplicationFilterChain.java:140)
	at org.springframework.web.filter.FormContentFilter.doFilterInternal(FormContentFilter.java:93)
	at org.springframework.web.filter.OncePerRequestFilter.doFilter(OncePerRequestFilter.java:116)
	at org.apache.catalina.core.ApplicationFilterChain.internalDoFilter(ApplicationFilterChain.java:164)
	at org.apache.catalina.core.ApplicationFilterChain.doFilter(ApplicationFilterChain.java:140)
	at org.springframework.web.filter.CharacterEncodingFilter.doFilterInternal(CharacterEncodingFilter.java:201)
	at org.springframework.web.filter.OncePerRequestFilter.doFilter(OncePerRequestFilter.java:116)
	at org.apache.catalina.core.ApplicationFilterChain.internalDoFilter(ApplicationFilterChain.java:164)
	at org.apache.catalina.core.ApplicationFilterChain.doFilter(ApplicationFilterChain.java:140)
	at org.apache.catalina.core.StandardWrapperValve.invoke(StandardWrapperValve.java:167)
	at org.apache.catalina.core.StandardContextValve.invoke(StandardContextValve.java:90)
	at org.apache.catalina.authenticator.AuthenticatorBase.invoke(AuthenticatorBase.java:483)
	at org.apache.catalina.core.StandardHostValve.invoke(StandardHostValve.java:116)
	at org.apache.catalina.valves.ErrorReportValve.invoke(ErrorReportValve.java:93)
	at org.apache.catalina.core.StandardEngineValve.invoke(StandardEngineValve.java:74)
	at org.apache.catalina.connector.CoyoteAdapter.service(CoyoteAdapter.java:344)
	at org.apache.coyote.http11.Http11Processor.service(Http11Processor.java:398)
	at org.apache.coyote.AbstractProcessorLight.process(AbstractProcessorLight.java:63)
	at org.apache.coyote.AbstractProtocol$ConnectionHandler.process(AbstractProtocol.java:903)
	at org.apache.tomcat.util.net.NioEndpoint$SocketProcessor.doRun(NioEndpoint.java:1740)
	at org.apache.tomcat.util.net.SocketProcessorBase.run(SocketProcessorBase.java:52)
	at org.apache.tomcat.util.threads.ThreadPoolExecutor.runWorker(ThreadPoolExecutor.java:1189)
	at org.apache.tomcat.util.threads.ThreadPoolExecutor$Worker.run(ThreadPoolExecutor.java:658)
	at org.apache.tomcat.util.threads.TaskThread$WrappingRunnable.run(TaskThread.java:63)
	at java.base/java.lang.Thread.run(Thread.java:833)
2025-12-18 01:32:12,557 ERROR c.t.s.s.AuthEntryPointJwt [http-nio-8080-exec-6] Unauthorized error: Full authentication is required to access this resource
2025-12-18 14:14:34,504 ERROR c.t.s.s.AuthEntryPointJwt [http-nio-8080-exec-8] Unauthorized error: Full authentication is required to access this resource
2025-12-18 22:22:50,653 INFO o.h.v.i.u.Version [background-preinit] HV000001: Hibernate Validator 8.0.2.Final
2025-12-18 22:22:50,672 INFO o.s.b.StartupInfoLogger [restartedMain] Starting TailoraApplication using Java 17.0.1 with PID 5703 (/Userdisk/workspaces/P_Projects/Tailora/target/classes started by karunkumar in /Userdisk/workspaces/P_Projects/Tailora)
2025-12-18 22:22:50,673 INFO o.s.b.SpringApplication [restartedMain] The following 1 profile is active: "dev"
2025-12-18 22:22:50,696 INFO o.s.b.l.DeferredLog [restartedMain] Devtools property defaults active! Set 'spring.devtools.add-properties' to 'false' to disable
2025-12-18 22:22:50,696 INFO o.s.b.l.DeferredLog [restartedMain] For additional web related logging consider setting the 'logging.level.web' property to 'DEBUG'
2025-12-18 22:22:51,159 INFO o.s.d.r.c.RepositoryConfigurationDelegate [restartedMain] Bootstrapping Spring Data JPA repositories in DEFAULT mode.
2025-12-18 22:22:51,199 INFO o.s.d.r.c.RepositoryConfigurationDelegate [restartedMain] Finished Spring Data repository scanning in 34 ms. Found 7 JPA repository interfaces.
2025-12-18 22:22:51,557 INFO o.s.b.w.e.t.TomcatWebServer [restartedMain] Tomcat initialized with port 8080 (http)
2025-12-18 22:22:51,565 INFO o.a.j.l.DirectJDKLog [restartedMain] Initializing ProtocolHandler ["http-nio-8080"]
2025-12-18 22:22:51,566 INFO o.a.j.l.DirectJDKLog [restartedMain] Starting service [Tomcat]
2025-12-18 22:22:51,566 INFO o.a.j.l.DirectJDKLog [restartedMain] Starting Servlet engine: [Apache Tomcat/10.1.40]
2025-12-18 22:22:51,592 INFO o.a.j.l.DirectJDKLog [restartedMain] Initializing Spring embedded WebApplicationContext
2025-12-18 22:22:51,592 INFO o.s.b.w.s.c.ServletWebServerApplicationContext [restartedMain] Root WebApplicationContext: initialization completed in 896 ms
2025-12-18 22:22:51,671 INFO o.h.j.i.u.LogHelper [restartedMain] HHH000204: Processing PersistenceUnitInfo [name: default]
2025-12-18 22:22:51,705 INFO o.h.Version [restartedMain] HHH000412: Hibernate ORM core version 6.6.13.Final
2025-12-18 22:22:51,720 INFO o.h.c.i.RegionFactoryInitiator [restartedMain] HHH000026: Second-level cache disabled
2025-12-18 22:22:51,859 INFO o.s.o.j.p.SpringPersistenceUnitInfo [restartedMain] No LoadTimeWeaver setup: ignoring JPA class transformer
2025-12-18 22:22:51,873 INFO c.z.h.HikariDataSource [restartedMain] HikariPool-1 - Starting...
2025-12-18 22:22:51,985 INFO c.z.h.p.HikariPool [restartedMain] HikariPool-1 - Added connection conn0: url=jdbc:h2:file:/Userdisk/workspaces/P_Projects/Tailora/src/main/resources/tailora_db user=ROOT
2025-12-18 22:22:51,986 INFO c.z.h.HikariDataSource [restartedMain] HikariPool-1 - Start completed.
2025-12-18 22:22:51,997 WARN o.h.e.j.d.i.DialectFactoryImpl [restartedMain] HHH90000025: H2Dialect does not need to be specified explicitly using 'hibernate.dialect' (remove the property setting and it will be selected by default)
2025-12-18 22:22:52,008 INFO o.h.e.j.e.i.JdbcEnvironmentInitiator [restartedMain] HHH10001005: Database info:
	Database JDBC URL [Connecting through datasource 'HikariDataSource (HikariPool-1)']
	Database driver: undefined/unknown
	Database version: 2.3.232
	Autocommit mode: undefined/unknown
	Isolation level: undefined/unknown
	Minimum pool size: undefined/unknown
	Maximum pool size: undefined/unknown
2025-12-18 22:22:52,546 INFO o.h.e.t.j.p.i.JtaPlatformInitiator [restartedMain] HHH000489: No JTA platform available (set 'hibernate.transaction.jta.platform' to enable JTA platform integration)
2025-12-18 22:22:52,570 INFO o.s.o.j.AbstractEntityManagerFactoryBean [restartedMain] Initialized JPA EntityManagerFactory for persistence unit 'default'
2025-12-18 22:22:52,786 INFO o.s.d.j.r.q.QueryEnhancerFactory [restartedMain] Hibernate is in classpath; If applicable, HQL parser will be used.
2025-12-18 22:22:53,037 INFO o.s.s.c.a.a.c.InitializeAuthenticationProviderBeanManagerConfigurer$InitializeAuthenticationProviderManagerConfigurer [restartedMain] Global AuthenticationManager configured with AuthenticationProvider bean with name authenticationProvider
2025-12-18 22:22:53,037 WARN o.s.s.c.a.a.c.InitializeUserDetailsBeanManagerConfigurer$InitializeUserDetailsManagerConfigurer [restartedMain] Global AuthenticationManager configured with an AuthenticationProvider bean. UserDetailsService beans will not be used by Spring Security for automatically configuring username/password login. Consider removing the AuthenticationProvider bean. Alternatively, consider using the UserDetailsService in a manually instantiated DaoAuthenticationProvider. If the current configuration is intentional, to turn off this warning, increase the logging level of 'org.springframework.security.config.annotation.authentication.configuration.InitializeUserDetailsBeanManagerConfigurer' to ERROR
2025-12-18 22:22:53,133 WARN o.s.b.a.o.j.JpaBaseConfiguration$JpaWebConfiguration [restartedMain] spring.jpa.open-in-view is enabled by default. Therefore, database queries may be performed during view rendering. Explicitly configure spring.jpa.open-in-view to disable this warning
2025-12-18 22:22:53,218 WARN o.s.c.s.AbstractApplicationContext [restartedMain] Exception encountered during context initialization - cancelling refresh attempt: org.springframework.beans.factory.BeanCreationException: Error creating bean with name 'filterChain' defined in class path resource [com/tailora/security/config/SecurityConfig.class]: Failed to instantiate [org.springframework.security.web.SecurityFilterChain]: Factory method 'filterChain' threw exception with message: Error creating bean with name 'mvcHandlerMappingIntrospector' defined in class path resource [org/springframework/boot/autoconfigure/web/servlet/WebMvcAutoConfiguration$EnableWebMvcConfiguration.class]: Error creating bean with name 'requestMappingHandlerMapping' defined in class path resource [org/springframework/boot/autoconfigure/web/servlet/WebMvcAutoConfiguration$EnableWebMvcConfiguration.class]: Ambiguous mapping. Cannot map 'authenticationControllerMain' method 
com.tailora.controller.AuthenticationControllerMain#register(String, HttpServletRequest, HttpServletResponse)
to {POST [/auth/signup]}: There is already 'authenticationController' bean method
com.tailora.controller.AuthenticationController#register(String, HttpServletRequest, HttpServletResponse) mapped.
2025-12-18 22:22:53,219 INFO o.s.o.j.AbstractEntityManagerFactoryBean [restartedMain] Closing JPA EntityManagerFactory for persistence unit 'default'
2025-12-18 22:22:53,220 INFO c.z.h.HikariDataSource [restartedMain] HikariPool-1 - Shutdown initiated...
2025-12-18 22:22:53,231 INFO c.z.h.HikariDataSource [restartedMain] HikariPool-1 - Shutdown completed.
2025-12-18 22:22:53,233 INFO o.a.j.l.DirectJDKLog [restartedMain] Stopping service [Tomcat]
2025-12-18 22:22:53,241 INFO o.s.b.a.l.ConditionEvaluationReportLogger [restartedMain] 

Error starting ApplicationContext. To display the condition evaluation report re-run your application with 'debug' enabled.
2025-12-18 22:22:53,250 ERROR o.s.b.SpringApplication [restartedMain] Application run failed
org.springframework.beans.factory.BeanCreationException: Error creating bean with name 'filterChain' defined in class path resource [com/tailora/security/config/SecurityConfig.class]: Failed to instantiate [org.springframework.security.web.SecurityFilterChain]: Factory method 'filterChain' threw exception with message: Error creating bean with name 'mvcHandlerMappingIntrospector' defined in class path resource [org/springframework/boot/autoconfigure/web/servlet/WebMvcAutoConfiguration$EnableWebMvcConfiguration.class]: Error creating bean with name 'requestMappingHandlerMapping' defined in class path resource [org/springframework/boot/autoconfigure/web/servlet/WebMvcAutoConfiguration$EnableWebMvcConfiguration.class]: Ambiguous mapping. Cannot map 'authenticationControllerMain' method 
com.tailora.controller.AuthenticationControllerMain#register(String, HttpServletRequest, HttpServletResponse)
to {POST [/auth/signup]}: There is already 'authenticationController' bean method
com.tailora.controller.AuthenticationController#register(String, HttpServletRequest, HttpServletResponse) mapped.
	at org.springframework.beans.factory.support.ConstructorResolver.instantiate(ConstructorResolver.java:657)
	at org.springframework.beans.factory.support.ConstructorResolver.instantiateUsingFactoryMethod(ConstructorResolver.java:645)
	at org.springframework.beans.factory.support.AbstractAutowireCapableBeanFactory.instantiateUsingFactoryMethod(AbstractAutowireCapableBeanFactory.java:1367)
	at org.springframework.beans.factory.support.AbstractAutowireCapableBeanFactory.createBeanInstance(AbstractAutowireCapableBeanFactory.java:1197)
	at org.springframework.beans.factory.support.AbstractAutowireCapableBeanFactory.doCreateBean(AbstractAutowireCapableBeanFactory.java:569)
	at org.springframework.beans.factory.support.AbstractAutowireCapableBeanFactory.createBean(AbstractAutowireCapableBeanFactory.java:529)
	at org.springframework.beans.factory.support.AbstractBeanFactory.lambda$doGetBean$0(AbstractBeanFactory.java:339)
	at org.springframework.beans.factory.support.DefaultSingletonBeanRegistry.getSingleton(DefaultSingletonBeanRegistry.java:371)
	at org.springframework.beans.factory.support.AbstractBeanFactory.doGetBean(AbstractBeanFactory.java:337)
	at org.springframework.beans.factory.support.AbstractBeanFactory.getBean(AbstractBeanFactory.java:202)
	at org.springframework.beans.factory.support.DefaultListableBeanFactory.instantiateSingleton(DefaultListableBeanFactory.java:1221)
	at org.springframework.beans.factory.support.DefaultListableBeanFactory.preInstantiateSingleton(DefaultListableBeanFactory.java:1187)
	at org.springframework.beans.factory.support.DefaultListableBeanFactory.preInstantiateSingletons(DefaultListableBeanFactory.java:1122)
	at org.springframework.context.support.AbstractApplicationContext.finishBeanFactoryInitialization(AbstractApplicationContext.java:987)
	at org.springframework.context.support.AbstractApplicationContext.refresh(AbstractApplicationContext.java:627)
	at org.springframework.boot.web.servlet.context.ServletWebServerApplicationContext.refresh(ServletWebServerApplicationContext.java:146)
	at org.springframework.boot.SpringApplication.refresh(SpringApplication.java:753)
	at org.springframework.boot.SpringApplication.refreshContext(SpringApplication.java:439)
	at org.springframework.boot.SpringApplication.run(SpringApplication.java:318)
	at org.springframework.boot.SpringApplication.run(SpringApplication.java:1362)
	at org.springframework.boot.SpringApplication.run(SpringApplication.java:1351)
	at com.tailora.TailoraApplication.main(TailoraApplication.java:10)
	at java.base/jdk.internal.reflect.NativeMethodAccessorImpl.invoke0(Native Method)
	at java.base/jdk.internal.reflect.NativeMethodAccessorImpl.invoke(NativeMethodAccessorImpl.java:77)
	at java.base/jdk.internal.reflect.DelegatingMethodAccessorImpl.invoke(DelegatingMethodAccessorImpl.java:43)
	at java.base/java.lang.reflect.Method.invoke(Method.java:568)
	at org.springframework.boot.devtools.restart.RestartLauncher.run(RestartLauncher.java:50)
Caused by: org.springframework.beans.BeanInstantiationException: Failed to instantiate [org.springframework.security.web.SecurityFilterChain]: Factory method 'filterChain' threw exception with message: Error creating bean with name 'mvcHandlerMappingIntrospector' defined in class path resource [org/springframework/boot/autoconfigure/web/servlet/WebMvcAutoConfiguration$EnableWebMvcConfiguration.class]: Error creating bean with name 'requestMappingHandlerMapping' defined in class path resource [org/springframework/boot/autoconfigure/web/servlet/WebMvcAutoConfiguration$EnableWebMvcConfiguration.class]: Ambiguous mapping. Cannot map 'authenticationControllerMain' method 
com.tailora.controller.AuthenticationControllerMain#register(String, HttpServletRequest, HttpServletResponse)
to {POST [/auth/signup]}: There is already 'authenticationController' bean method
com.tailora.controller.AuthenticationController#register(String, HttpServletRequest, HttpServletResponse) mapped.
	at org.springframework.beans.factory.support.SimpleInstantiationStrategy.lambda$instantiate$0(SimpleInstantiationStrategy.java:199)
	at org.springframework.beans.factory.support.SimpleInstantiationStrategy.instantiateWithFactoryMethod(SimpleInstantiationStrategy.java:88)
	at org.springframework.beans.factory.support.SimpleInstantiationStrategy.instantiate(SimpleInstantiationStrategy.java:168)
	at org.springframework.beans.factory.support.ConstructorResolver.instantiate(ConstructorResolver.java:653)
	... 26 common frames omitted
Caused by: org.springframework.beans.factory.BeanCreationException: Error creating bean with name 'mvcHandlerMappingIntrospector' defined in class path resource [org/springframework/boot/autoconfigure/web/servlet/WebMvcAutoConfiguration$EnableWebMvcConfiguration.class]: Error creating bean with name 'requestMappingHandlerMapping' defined in class path resource [org/springframework/boot/autoconfigure/web/servlet/WebMvcAutoConfiguration$EnableWebMvcConfiguration.class]: Ambiguous mapping. Cannot map 'authenticationControllerMain' method 
com.tailora.controller.AuthenticationControllerMain#register(String, HttpServletRequest, HttpServletResponse)
to {POST [/auth/signup]}: There is already 'authenticationController' bean method
com.tailora.controller.AuthenticationController#register(String, HttpServletRequest, HttpServletResponse) mapped.
	at org.springframework.beans.factory.support.AbstractAutowireCapableBeanFactory.initializeBean(AbstractAutowireCapableBeanFactory.java:1818)
	at org.springframework.beans.factory.support.AbstractAutowireCapableBeanFactory.doCreateBean(AbstractAutowireCapableBeanFactory.java:607)
	at org.springframework.beans.factory.support.AbstractAutowireCapableBeanFactory.createBean(AbstractAutowireCapableBeanFactory.java:529)
	at org.springframework.beans.factory.support.AbstractBeanFactory.lambda$doGetBean$0(AbstractBeanFactory.java:339)
	at org.springframework.beans.factory.support.DefaultSingletonBeanRegistry.getSingleton(DefaultSingletonBeanRegistry.java:371)
	at org.springframework.beans.factory.support.AbstractBeanFactory.doGetBean(AbstractBeanFactory.java:337)
	at org.springframework.beans.factory.support.AbstractBeanFactory.getBean(AbstractBeanFactory.java:207)
	at org.springframework.context.support.AbstractApplicationContext.getBean(AbstractApplicationContext.java:1278)
	at org.springframework.security.config.annotation.web.AbstractRequestMatcherRegistry.createMvcMatchers(AbstractRequestMatcherRegistry.java:126)
	at org.springframework.security.config.annotation.web.AbstractRequestMatcherRegistry.requestMatchers(AbstractRequestMatcherRegistry.java:222)
	at org.springframework.security.config.annotation.web.AbstractRequestMatcherRegistry.requestMatchers(AbstractRequestMatcherRegistry.java:369)
	at com.tailora.security.config.SecurityConfig.lambda$1(SecurityConfig.java:90)
	at org.springframework.security.config.annotation.web.builders.HttpSecurity.authorizeHttpRequests(HttpSecurity.java:1489)
	at com.tailora.security.config.SecurityConfig.filterChain(SecurityConfig.java:89)
	at com.tailora.security.config.SecurityConfig$$SpringCGLIB$$0.CGLIB$filterChain$0(<generated>)
	at com.tailora.security.config.SecurityConfig$$SpringCGLIB$$FastClass$$1.invoke(<generated>)
	at org.springframework.cglib.proxy.MethodProxy.invokeSuper(MethodProxy.java:258)
	at org.springframework.context.annotation.ConfigurationClassEnhancer$BeanMethodInterceptor.intercept(ConfigurationClassEnhancer.java:393)
	at com.tailora.security.config.SecurityConfig$$SpringCGLIB$$0.filterChain(<generated>)
	at java.base/jdk.internal.reflect.NativeMethodAccessorImpl.invoke0(Native Method)
	at java.base/jdk.internal.reflect.NativeMethodAccessorImpl.invoke(NativeMethodAccessorImpl.java:77)
	at java.base/jdk.internal.reflect.DelegatingMethodAccessorImpl.invoke(DelegatingMethodAccessorImpl.java:43)
	at java.base/java.lang.reflect.Method.invoke(Method.java:568)
	at org.springframework.beans.factory.support.SimpleInstantiationStrategy.lambda$instantiate$0(SimpleInstantiationStrategy.java:171)
	... 29 common frames omitted
Caused by: org.springframework.beans.factory.BeanCreationException: Error creating bean with name 'requestMappingHandlerMapping' defined in class path resource [org/springframework/boot/autoconfigure/web/servlet/WebMvcAutoConfiguration$EnableWebMvcConfiguration.class]: Ambiguous mapping. Cannot map 'authenticationControllerMain' method 
com.tailora.controller.AuthenticationControllerMain#register(String, HttpServletRequest, HttpServletResponse)
to {POST [/auth/signup]}: There is already 'authenticationController' bean method
com.tailora.controller.AuthenticationController#register(String, HttpServletRequest, HttpServletResponse) mapped.
	at org.springframework.beans.factory.support.AbstractAutowireCapableBeanFactory.initializeBean(AbstractAutowireCapableBeanFactory.java:1818)
	at org.springframework.beans.factory.support.AbstractAutowireCapableBeanFactory.doCreateBean(AbstractAutowireCapableBeanFactory.java:607)
	at org.springframework.beans.factory.support.AbstractAutowireCapableBeanFactory.createBean(AbstractAutowireCapableBeanFactory.java:529)
	at org.springframework.beans.factory.support.AbstractBeanFactory.lambda$doGetBean$0(AbstractBeanFactory.java:339)
	at org.springframework.beans.factory.support.DefaultSingletonBeanRegistry.getSingleton(DefaultSingletonBeanRegistry.java:371)
	at org.springframework.beans.factory.support.AbstractBeanFactory.doGetBean(AbstractBeanFactory.java:337)
	at org.springframework.beans.factory.support.AbstractBeanFactory.getBean(AbstractBeanFactory.java:202)
	at org.springframework.beans.factory.support.DefaultListableBeanFactory.getBeansOfType(DefaultListableBeanFactory.java:747)
	at org.springframework.context.support.AbstractApplicationContext.getBeansOfType(AbstractApplicationContext.java:1426)
	at org.springframework.beans.factory.BeanFactoryUtils.beansOfTypeIncludingAncestors(BeanFactoryUtils.java:372)
	at org.springframework.web.servlet.handler.HandlerMappingIntrospector.initHandlerMappings(HandlerMappingIntrospector.java:135)
	at org.springframework.web.servlet.handler.HandlerMappingIntrospector.afterPropertiesSet(HandlerMappingIntrospector.java:123)
	at org.springframework.beans.factory.support.AbstractAutowireCapableBeanFactory.invokeInitMethods(AbstractAutowireCapableBeanFactory.java:1865)
	at org.springframework.beans.factory.support.AbstractAutowireCapableBeanFactory.initializeBean(AbstractAutowireCapableBeanFactory.java:1814)
	... 52 common frames omitted
Caused by: java.lang.IllegalStateException: Ambiguous mapping. Cannot map 'authenticationControllerMain' method 
com.tailora.controller.AuthenticationControllerMain#register(String, HttpServletRequest, HttpServletResponse)
to {POST [/auth/signup]}: There is already 'authenticationController' bean method
com.tailora.controller.AuthenticationController#register(String, HttpServletRequest, HttpServletResponse) mapped.
	at org.springframework.web.servlet.handler.AbstractHandlerMethodMapping$MappingRegistry.validateMethodMapping(AbstractHandlerMethodMapping.java:676)
	at org.springframework.web.servlet.handler.AbstractHandlerMethodMapping$MappingRegistry.register(AbstractHandlerMethodMapping.java:637)
	at org.springframework.web.servlet.handler.AbstractHandlerMethodMapping.registerHandlerMethod(AbstractHandlerMethodMapping.java:331)
	at org.springframework.web.servlet.mvc.method.annotation.RequestMappingHandlerMapping.registerHandlerMethod(RequestMappingHandlerMapping.java:507)
	at org.springframework.web.servlet.mvc.method.annotation.RequestMappingHandlerMapping.registerHandlerMethod(RequestMappingHandlerMapping.java:84)
	at org.springframework.web.servlet.handler.AbstractHandlerMethodMapping.lambda$detectHandlerMethods$2(AbstractHandlerMethodMapping.java:298)
	at java.base/java.util.LinkedHashMap.forEach(LinkedHashMap.java:721)
	at org.springframework.web.servlet.handler.AbstractHandlerMethodMapping.detectHandlerMethods(AbstractHandlerMethodMapping.java:296)
	at org.springframework.web.servlet.handler.AbstractHandlerMethodMapping.processCandidateBean(AbstractHandlerMethodMapping.java:265)
	at org.springframework.web.servlet.handler.AbstractHandlerMethodMapping.initHandlerMethods(AbstractHandlerMethodMapping.java:224)
	at org.springframework.web.servlet.handler.AbstractHandlerMethodMapping.afterPropertiesSet(AbstractHandlerMethodMapping.java:212)
	at org.springframework.web.servlet.mvc.method.annotation.RequestMappingHandlerMapping.afterPropertiesSet(RequestMappingHandlerMapping.java:237)
	at org.springframework.beans.factory.support.AbstractAutowireCapableBeanFactory.invokeInitMethods(AbstractAutowireCapableBeanFactory.java:1865)
	at org.springframework.beans.factory.support.AbstractAutowireCapableBeanFactory.initializeBean(AbstractAutowireCapableBeanFactory.java:1814)
	... 65 common frames omitted
2025-12-18 22:23:09,351 INFO o.h.v.i.u.Version [background-preinit] HV000001: Hibernate Validator 8.0.2.Final
2025-12-18 22:23:09,369 INFO o.s.b.StartupInfoLogger [restartedMain] Starting TailoraApplication using Java 17.0.1 with PID 5803 (/Userdisk/workspaces/P_Projects/Tailora/target/classes started by karunkumar in /Userdisk/workspaces/P_Projects/Tailora)
2025-12-18 22:23:09,370 INFO o.s.b.SpringApplication [restartedMain] The following 1 profile is active: "dev"
2025-12-18 22:23:09,396 INFO o.s.b.l.DeferredLog [restartedMain] Devtools property defaults active! Set 'spring.devtools.add-properties' to 'false' to disable
2025-12-18 22:23:09,397 INFO o.s.b.l.DeferredLog [restartedMain] For additional web related logging consider setting the 'logging.level.web' property to 'DEBUG'
2025-12-18 22:23:09,826 INFO o.s.d.r.c.RepositoryConfigurationDelegate [restartedMain] Bootstrapping Spring Data JPA repositories in DEFAULT mode.
2025-12-18 22:23:09,862 INFO o.s.d.r.c.RepositoryConfigurationDelegate [restartedMain] Finished Spring Data repository scanning in 31 ms. Found 7 JPA repository interfaces.
2025-12-18 22:23:10,197 INFO o.s.b.w.e.t.TomcatWebServer [restartedMain] Tomcat initialized with port 8080 (http)
2025-12-18 22:23:10,203 INFO o.a.j.l.DirectJDKLog [restartedMain] Initializing ProtocolHandler ["http-nio-8080"]
2025-12-18 22:23:10,204 INFO o.a.j.l.DirectJDKLog [restartedMain] Starting service [Tomcat]
2025-12-18 22:23:10,205 INFO o.a.j.l.DirectJDKLog [restartedMain] Starting Servlet engine: [Apache Tomcat/10.1.40]
2025-12-18 22:23:10,226 INFO o.a.j.l.DirectJDKLog [restartedMain] Initializing Spring embedded WebApplicationContext
2025-12-18 22:23:10,227 INFO o.s.b.w.s.c.ServletWebServerApplicationContext [restartedMain] Root WebApplicationContext: initialization completed in 830 ms
2025-12-18 22:23:10,300 INFO o.h.j.i.u.LogHelper [restartedMain] HHH000204: Processing PersistenceUnitInfo [name: default]
2025-12-18 22:23:10,321 INFO o.h.Version [restartedMain] HHH000412: Hibernate ORM core version 6.6.13.Final
2025-12-18 22:23:10,336 INFO o.h.c.i.RegionFactoryInitiator [restartedMain] HHH000026: Second-level cache disabled
2025-12-18 22:23:10,448 INFO o.s.o.j.p.SpringPersistenceUnitInfo [restartedMain] No LoadTimeWeaver setup: ignoring JPA class transformer
2025-12-18 22:23:10,461 INFO c.z.h.HikariDataSource [restartedMain] HikariPool-1 - Starting...
2025-12-18 22:23:10,577 INFO c.z.h.p.HikariPool [restartedMain] HikariPool-1 - Added connection conn0: url=jdbc:h2:file:/Userdisk/workspaces/P_Projects/Tailora/src/main/resources/tailora_db user=ROOT
2025-12-18 22:23:10,578 INFO c.z.h.HikariDataSource [restartedMain] HikariPool-1 - Start completed.
2025-12-18 22:23:10,590 WARN o.h.e.j.d.i.DialectFactoryImpl [restartedMain] HHH90000025: H2Dialect does not need to be specified explicitly using 'hibernate.dialect' (remove the property setting and it will be selected by default)
2025-12-18 22:23:10,602 INFO o.h.e.j.e.i.JdbcEnvironmentInitiator [restartedMain] HHH10001005: Database info:
	Database JDBC URL [Connecting through datasource 'HikariDataSource (HikariPool-1)']
	Database driver: undefined/unknown
	Database version: 2.3.232
	Autocommit mode: undefined/unknown
	Isolation level: undefined/unknown
	Minimum pool size: undefined/unknown
	Maximum pool size: undefined/unknown
2025-12-18 22:23:11,160 INFO o.h.e.t.j.p.i.JtaPlatformInitiator [restartedMain] HHH000489: No JTA platform available (set 'hibernate.transaction.jta.platform' to enable JTA platform integration)
2025-12-18 22:23:11,183 INFO o.s.o.j.AbstractEntityManagerFactoryBean [restartedMain] Initialized JPA EntityManagerFactory for persistence unit 'default'
2025-12-18 22:23:11,402 INFO o.s.d.j.r.q.QueryEnhancerFactory [restartedMain] Hibernate is in classpath; If applicable, HQL parser will be used.
2025-12-18 22:23:11,665 INFO o.s.s.c.a.a.c.InitializeAuthenticationProviderBeanManagerConfigurer$InitializeAuthenticationProviderManagerConfigurer [restartedMain] Global AuthenticationManager configured with AuthenticationProvider bean with name authenticationProvider
2025-12-18 22:23:11,665 WARN o.s.s.c.a.a.c.InitializeUserDetailsBeanManagerConfigurer$InitializeUserDetailsManagerConfigurer [restartedMain] Global AuthenticationManager configured with an AuthenticationProvider bean. UserDetailsService beans will not be used by Spring Security for automatically configuring username/password login. Consider removing the AuthenticationProvider bean. Alternatively, consider using the UserDetailsService in a manually instantiated DaoAuthenticationProvider. If the current configuration is intentional, to turn off this warning, increase the logging level of 'org.springframework.security.config.annotation.authentication.configuration.InitializeUserDetailsBeanManagerConfigurer' to ERROR
2025-12-18 22:23:11,754 WARN o.s.b.a.o.j.JpaBaseConfiguration$JpaWebConfiguration [restartedMain] spring.jpa.open-in-view is enabled by default. Therefore, database queries may be performed during view rendering. Explicitly configure spring.jpa.open-in-view to disable this warning
2025-12-18 22:23:12,090 INFO o.s.b.a.h.H2ConsoleAutoConfiguration$H2ConsoleLogger [restartedMain] H2 console available at '/h2-console'. Database available at 'jdbc:h2:file:/Userdisk/workspaces/P_Projects/Tailora/src/main/resources/tailora_db'
2025-12-18 22:23:12,120 WARN o.s.s.c.a.w.b.WebSecurity [restartedMain] You are asking Spring Security to ignore Ant [pattern='/h2-console/**']. This is not recommended -- please use permitAll via HttpSecurity#authorizeHttpRequests instead.
2025-12-18 22:23:12,146 INFO o.s.b.d.a.OptionalLiveReloadServer [restartedMain] LiveReload server is running on port 35729
2025-12-18 22:23:12,161 INFO o.a.j.l.DirectJDKLog [restartedMain] Starting ProtocolHandler ["http-nio-8080"]
2025-12-18 22:23:12,171 INFO o.s.b.w.e.t.TomcatWebServer [restartedMain] Tomcat started on port 8080 (http) with context path '/'
2025-12-18 22:23:12,178 INFO o.s.b.StartupInfoLogger [restartedMain] Started TailoraApplication in 3.091 seconds (process running for 3.382)
2025-12-18 22:23:17,207 INFO o.a.j.l.DirectJDKLog [http-nio-8080-exec-1] Initializing Spring DispatcherServlet 'dispatcherServlet'
2025-12-18 22:23:17,207 INFO o.s.w.s.FrameworkServlet [http-nio-8080-exec-1] Initializing Servlet 'dispatcherServlet'
2025-12-18 22:23:17,208 INFO o.s.w.s.FrameworkServlet [http-nio-8080-exec-1] Completed initialization in 1 ms
2025-12-18 22:23:17,238 INFO c.t.c.AuthenticationController [http-nio-8080-exec-1] <------ AuthenticationController : decrypt (BEGIN) ------>
2025-12-18 22:23:17,240 INFO c.t.c.AuthenticationController [http-nio-8080-exec-1] user's tracking name is : null
2025-12-18 22:23:17,253 INFO c.t.c.AuthenticationController [http-nio-8080-exec-1] <------ AuthenticationController : decrypt (END) ------>
2025-12-18 22:24:16,294 INFO c.t.c.AuthenticationController [http-nio-8080-exec-3] <------ AuthenticationController : encrypt (BEGIN) ------>
2025-12-18 22:24:16,295 INFO c.t.c.AuthenticationController [http-nio-8080-exec-3] user's tracking name is : null
2025-12-18 22:24:16,299 INFO c.t.c.AuthenticationController [http-nio-8080-exec-3] <------ AuthenticationController : encrypt (END) ------>
2025-12-18 22:25:59,148 INFO c.t.c.AuthenticationController [http-nio-8080-exec-6] <------ AuthenticationController : encrypt (BEGIN) ------>
2025-12-18 22:25:59,148 INFO c.t.c.AuthenticationController [http-nio-8080-exec-6] user's tracking name is : null
2025-12-18 22:25:59,149 INFO c.t.c.AuthenticationController [http-nio-8080-exec-6] <------ AuthenticationController : encrypt (END) ------>
2025-12-18 22:26:21,475 INFO c.t.c.AuthenticationController [http-nio-8080-exec-7] <------ AuthenticationController : encrypt (BEGIN) ------>
2025-12-18 22:26:21,476 INFO c.t.c.AuthenticationController [http-nio-8080-exec-7] user's tracking name is : null
2025-12-18 22:26:21,476 INFO c.t.c.AuthenticationController [http-nio-8080-exec-7] <------ AuthenticationController : encrypt (END) ------>
2025-12-18 22:26:37,778 INFO o.s.b.a.SpringApplicationAdminMXBeanRegistrar$SpringApplicationAdmin [RMI TCP Connection(7)-127.0.0.1] Application shutdown requested.
2025-12-18 22:26:37,783 INFO o.s.b.w.e.t.GracefulShutdown [RMI TCP Connection(7)-127.0.0.1] Commencing graceful shutdown. Waiting for active requests to complete
2025-12-18 22:26:37,791 INFO o.a.j.l.DirectJDKLog [tomcat-shutdown] Pausing ProtocolHandler ["http-nio-8080"]
2025-12-18 22:26:37,796 INFO o.s.b.w.e.t.GracefulShutdown [tomcat-shutdown] Graceful shutdown complete
2025-12-18 22:26:37,797 INFO o.a.j.l.DirectJDKLog [RMI TCP Connection(7)-127.0.0.1] Stopping ProtocolHandler ["http-nio-8080"]
2025-12-18 22:26:37,804 INFO o.s.o.j.AbstractEntityManagerFactoryBean [RMI TCP Connection(7)-127.0.0.1] Closing JPA EntityManagerFactory for persistence unit 'default'
2025-12-18 22:26:37,809 INFO c.z.h.HikariDataSource [RMI TCP Connection(7)-127.0.0.1] HikariPool-1 - Shutdown initiated...
2025-12-18 22:26:38,029 INFO c.z.h.HikariDataSource [RMI TCP Connection(7)-127.0.0.1] HikariPool-1 - Shutdown completed.
2025-12-18 22:26:39,356 INFO o.h.v.i.u.Version [background-preinit] HV000001: Hibernate Validator 8.0.2.Final
2025-12-18 22:26:39,381 INFO o.s.b.StartupInfoLogger [restartedMain] Starting TailoraApplication using Java 17.0.1 with PID 6246 (/Userdisk/workspaces/P_Projects/Tailora/target/classes started by karunkumar in /Userdisk/workspaces/P_Projects/Tailora)
2025-12-18 22:26:39,381 INFO o.s.b.SpringApplication [restartedMain] The following 1 profile is active: "dev"
2025-12-18 22:26:39,401 INFO o.s.b.l.DeferredLog [restartedMain] Devtools property defaults active! Set 'spring.devtools.add-properties' to 'false' to disable
2025-12-18 22:26:39,402 INFO o.s.b.l.DeferredLog [restartedMain] For additional web related logging consider setting the 'logging.level.web' property to 'DEBUG'
2025-12-18 22:26:39,828 INFO o.s.d.r.c.RepositoryConfigurationDelegate [restartedMain] Bootstrapping Spring Data JPA repositories in DEFAULT mode.
2025-12-18 22:26:39,865 INFO o.s.d.r.c.RepositoryConfigurationDelegate [restartedMain] Finished Spring Data repository scanning in 32 ms. Found 7 JPA repository interfaces.
2025-12-18 22:26:40,183 INFO o.s.b.w.e.t.TomcatWebServer [restartedMain] Tomcat initialized with port 8080 (http)
2025-12-18 22:26:40,189 INFO o.a.j.l.DirectJDKLog [restartedMain] Initializing ProtocolHandler ["http-nio-8080"]
2025-12-18 22:26:40,190 INFO o.a.j.l.DirectJDKLog [restartedMain] Starting service [Tomcat]
2025-12-18 22:26:40,190 INFO o.a.j.l.DirectJDKLog [restartedMain] Starting Servlet engine: [Apache Tomcat/10.1.40]
2025-12-18 22:26:40,211 INFO o.a.j.l.DirectJDKLog [restartedMain] Initializing Spring embedded WebApplicationContext
2025-12-18 22:26:40,212 INFO o.s.b.w.s.c.ServletWebServerApplicationContext [restartedMain] Root WebApplicationContext: initialization completed in 809 ms
2025-12-18 22:26:40,288 INFO o.h.j.i.u.LogHelper [restartedMain] HHH000204: Processing PersistenceUnitInfo [name: default]
2025-12-18 22:26:40,311 INFO o.h.Version [restartedMain] HHH000412: Hibernate ORM core version 6.6.13.Final
2025-12-18 22:26:40,327 INFO o.h.c.i.RegionFactoryInitiator [restartedMain] HHH000026: Second-level cache disabled
2025-12-18 22:26:40,447 INFO o.s.o.j.p.SpringPersistenceUnitInfo [restartedMain] No LoadTimeWeaver setup: ignoring JPA class transformer
2025-12-18 22:26:40,462 INFO c.z.h.HikariDataSource [restartedMain] HikariPool-1 - Starting...
2025-12-18 22:26:40,574 INFO c.z.h.p.HikariPool [restartedMain] HikariPool-1 - Added connection conn0: url=jdbc:h2:file:/Userdisk/workspaces/P_Projects/Tailora/src/main/resources/tailora_db user=ROOT
2025-12-18 22:26:40,575 INFO c.z.h.HikariDataSource [restartedMain] HikariPool-1 - Start completed.
2025-12-18 22:26:40,586 WARN o.h.e.j.d.i.DialectFactoryImpl [restartedMain] HHH90000025: H2Dialect does not need to be specified explicitly using 'hibernate.dialect' (remove the property setting and it will be selected by default)
2025-12-18 22:26:40,597 INFO o.h.e.j.e.i.JdbcEnvironmentInitiator [restartedMain] HHH10001005: Database info:
	Database JDBC URL [Connecting through datasource 'HikariDataSource (HikariPool-1)']
	Database driver: undefined/unknown
	Database version: 2.3.232
	Autocommit mode: undefined/unknown
	Isolation level: undefined/unknown
	Minimum pool size: undefined/unknown
	Maximum pool size: undefined/unknown
2025-12-18 22:26:41,163 INFO o.h.e.t.j.p.i.JtaPlatformInitiator [restartedMain] HHH000489: No JTA platform available (set 'hibernate.transaction.jta.platform' to enable JTA platform integration)
2025-12-18 22:26:41,206 INFO o.s.o.j.AbstractEntityManagerFactoryBean [restartedMain] Initialized JPA EntityManagerFactory for persistence unit 'default'
2025-12-18 22:26:41,422 INFO o.s.d.j.r.q.QueryEnhancerFactory [restartedMain] Hibernate is in classpath; If applicable, HQL parser will be used.
2025-12-18 22:26:41,679 INFO o.s.s.c.a.a.c.InitializeAuthenticationProviderBeanManagerConfigurer$InitializeAuthenticationProviderManagerConfigurer [restartedMain] Global AuthenticationManager configured with AuthenticationProvider bean with name authenticationProvider
2025-12-18 22:26:41,679 WARN o.s.s.c.a.a.c.InitializeUserDetailsBeanManagerConfigurer$InitializeUserDetailsManagerConfigurer [restartedMain] Global AuthenticationManager configured with an AuthenticationProvider bean. UserDetailsService beans will not be used by Spring Security for automatically configuring username/password login. Consider removing the AuthenticationProvider bean. Alternatively, consider using the UserDetailsService in a manually instantiated DaoAuthenticationProvider. If the current configuration is intentional, to turn off this warning, increase the logging level of 'org.springframework.security.config.annotation.authentication.configuration.InitializeUserDetailsBeanManagerConfigurer' to ERROR
2025-12-18 22:26:41,770 WARN o.s.b.a.o.j.JpaBaseConfiguration$JpaWebConfiguration [restartedMain] spring.jpa.open-in-view is enabled by default. Therefore, database queries may be performed during view rendering. Explicitly configure spring.jpa.open-in-view to disable this warning
2025-12-18 22:26:42,082 INFO o.s.b.a.h.H2ConsoleAutoConfiguration$H2ConsoleLogger [restartedMain] H2 console available at '/h2-console'. Database available at 'jdbc:h2:file:/Userdisk/workspaces/P_Projects/Tailora/src/main/resources/tailora_db'
2025-12-18 22:26:42,108 WARN o.s.s.c.a.w.b.WebSecurity [restartedMain] You are asking Spring Security to ignore Ant [pattern='/h2-console/**']. This is not recommended -- please use permitAll via HttpSecurity#authorizeHttpRequests instead.
2025-12-18 22:26:42,133 INFO o.s.b.d.a.OptionalLiveReloadServer [restartedMain] LiveReload server is running on port 35729
2025-12-18 22:26:42,146 INFO o.a.j.l.DirectJDKLog [restartedMain] Starting ProtocolHandler ["http-nio-8080"]
2025-12-18 22:26:42,154 INFO o.s.b.w.e.t.TomcatWebServer [restartedMain] Tomcat started on port 8080 (http) with context path '/'
2025-12-18 22:26:42,160 INFO o.s.b.StartupInfoLogger [restartedMain] Started TailoraApplication in 3.099 seconds (process running for 3.455)
2025-12-18 22:26:45,645 INFO o.a.j.l.DirectJDKLog [http-nio-8080-exec-2] Initializing Spring DispatcherServlet 'dispatcherServlet'
2025-12-18 22:26:45,646 INFO o.s.w.s.FrameworkServlet [http-nio-8080-exec-2] Initializing Servlet 'dispatcherServlet'
2025-12-18 22:26:45,647 INFO o.s.w.s.FrameworkServlet [http-nio-8080-exec-2] Completed initialization in 1 ms
2025-12-18 22:26:45,699 INFO c.t.c.AuthenticationController [http-nio-8080-exec-2] <------ AuthenticationController : encrypt (BEGIN) ------>
2025-12-18 22:26:45,703 INFO c.t.c.AuthenticationController [http-nio-8080-exec-2] user's tracking name is : null
2025-12-18 22:26:45,711 INFO c.t.c.AuthenticationController [http-nio-8080-exec-2] <------ AuthenticationController : encrypt (END) ------>
2025-12-18 22:27:34,686 INFO o.s.b.a.SpringApplicationAdminMXBeanRegistrar$SpringApplicationAdmin [RMI TCP Connection(3)-127.0.0.1] Application shutdown requested.
2025-12-18 22:27:34,691 INFO o.s.b.w.e.t.GracefulShutdown [RMI TCP Connection(3)-127.0.0.1] Commencing graceful shutdown. Waiting for active requests to complete
2025-12-18 22:27:34,692 INFO o.a.j.l.DirectJDKLog [tomcat-shutdown] Pausing ProtocolHandler ["http-nio-8080"]
2025-12-18 22:27:34,696 INFO o.s.b.w.e.t.GracefulShutdown [tomcat-shutdown] Graceful shutdown complete
2025-12-18 22:27:34,696 INFO o.a.j.l.DirectJDKLog [RMI TCP Connection(3)-127.0.0.1] Stopping ProtocolHandler ["http-nio-8080"]
2025-12-18 22:27:34,702 INFO o.s.o.j.AbstractEntityManagerFactoryBean [RMI TCP Connection(3)-127.0.0.1] Closing JPA EntityManagerFactory for persistence unit 'default'
2025-12-18 22:27:34,708 INFO c.z.h.HikariDataSource [RMI TCP Connection(3)-127.0.0.1] HikariPool-1 - Shutdown initiated...
2025-12-18 22:27:34,927 INFO c.z.h.HikariDataSource [RMI TCP Connection(3)-127.0.0.1] HikariPool-1 - Shutdown completed.
2025-12-18 22:27:36,060 INFO o.h.v.i.u.Version [background-preinit] HV000001: Hibernate Validator 8.0.2.Final
2025-12-18 22:27:36,079 INFO o.s.b.StartupInfoLogger [restartedMain] Starting TailoraApplication using Java 17.0.1 with PID 6414 (/Userdisk/workspaces/P_Projects/Tailora/target/classes started by karunkumar in /Userdisk/workspaces/P_Projects/Tailora)
2025-12-18 22:27:36,080 INFO o.s.b.SpringApplication [restartedMain] The following 1 profile is active: "dev"
2025-12-18 22:27:36,099 INFO o.s.b.l.DeferredLog [restartedMain] Devtools property defaults active! Set 'spring.devtools.add-properties' to 'false' to disable
2025-12-18 22:27:36,099 INFO o.s.b.l.DeferredLog [restartedMain] For additional web related logging consider setting the 'logging.level.web' property to 'DEBUG'
2025-12-18 22:27:36,511 INFO o.s.d.r.c.RepositoryConfigurationDelegate [restartedMain] Bootstrapping Spring Data JPA repositories in DEFAULT mode.
2025-12-18 22:27:36,547 INFO o.s.d.r.c.RepositoryConfigurationDelegate [restartedMain] Finished Spring Data repository scanning in 31 ms. Found 7 JPA repository interfaces.
2025-12-18 22:27:36,859 INFO o.s.b.w.e.t.TomcatWebServer [restartedMain] Tomcat initialized with port 8080 (http)
2025-12-18 22:27:36,866 INFO o.a.j.l.DirectJDKLog [restartedMain] Initializing ProtocolHandler ["http-nio-8080"]
2025-12-18 22:27:36,867 INFO o.a.j.l.DirectJDKLog [restartedMain] Starting service [Tomcat]
2025-12-18 22:27:36,867 INFO o.a.j.l.DirectJDKLog [restartedMain] Starting Servlet engine: [Apache Tomcat/10.1.40]
2025-12-18 22:27:36,892 INFO o.a.j.l.DirectJDKLog [restartedMain] Initializing Spring embedded WebApplicationContext
2025-12-18 22:27:36,893 INFO o.s.b.w.s.c.ServletWebServerApplicationContext [restartedMain] Root WebApplicationContext: initialization completed in 794 ms
2025-12-18 22:27:36,969 INFO o.h.j.i.u.LogHelper [restartedMain] HHH000204: Processing PersistenceUnitInfo [name: default]
2025-12-18 22:27:36,993 INFO o.h.Version [restartedMain] HHH000412: Hibernate ORM core version 6.6.13.Final
2025-12-18 22:27:37,009 INFO o.h.c.i.RegionFactoryInitiator [restartedMain] HHH000026: Second-level cache disabled
2025-12-18 22:27:37,122 INFO o.s.o.j.p.SpringPersistenceUnitInfo [restartedMain] No LoadTimeWeaver setup: ignoring JPA class transformer
2025-12-18 22:27:37,136 INFO c.z.h.HikariDataSource [restartedMain] HikariPool-1 - Starting...
2025-12-18 22:27:37,248 INFO c.z.h.p.HikariPool [restartedMain] HikariPool-1 - Added connection conn0: url=jdbc:h2:file:/Userdisk/workspaces/P_Projects/Tailora/src/main/resources/tailora_db user=ROOT
2025-12-18 22:27:37,249 INFO c.z.h.HikariDataSource [restartedMain] HikariPool-1 - Start completed.
2025-12-18 22:27:37,260 WARN o.h.e.j.d.i.DialectFactoryImpl [restartedMain] HHH90000025: H2Dialect does not need to be specified explicitly using 'hibernate.dialect' (remove the property setting and it will be selected by default)
2025-12-18 22:27:37,271 INFO o.h.e.j.e.i.JdbcEnvironmentInitiator [restartedMain] HHH10001005: Database info:
	Database JDBC URL [Connecting through datasource 'HikariDataSource (HikariPool-1)']
	Database driver: undefined/unknown
	Database version: 2.3.232
	Autocommit mode: undefined/unknown
	Isolation level: undefined/unknown
	Minimum pool size: undefined/unknown
	Maximum pool size: undefined/unknown
2025-12-18 22:27:37,829 INFO o.h.e.t.j.p.i.JtaPlatformInitiator [restartedMain] HHH000489: No JTA platform available (set 'hibernate.transaction.jta.platform' to enable JTA platform integration)
2025-12-18 22:27:37,852 INFO o.s.o.j.AbstractEntityManagerFactoryBean [restartedMain] Initialized JPA EntityManagerFactory for persistence unit 'default'
2025-12-18 22:27:38,059 INFO o.s.d.j.r.q.QueryEnhancerFactory [restartedMain] Hibernate is in classpath; If applicable, HQL parser will be used.
2025-12-18 22:27:38,303 INFO o.s.s.c.a.a.c.InitializeAuthenticationProviderBeanManagerConfigurer$InitializeAuthenticationProviderManagerConfigurer [restartedMain] Global AuthenticationManager configured with AuthenticationProvider bean with name authenticationProvider
2025-12-18 22:27:38,304 WARN o.s.s.c.a.a.c.InitializeUserDetailsBeanManagerConfigurer$InitializeUserDetailsManagerConfigurer [restartedMain] Global AuthenticationManager configured with an AuthenticationProvider bean. UserDetailsService beans will not be used by Spring Security for automatically configuring username/password login. Consider removing the AuthenticationProvider bean. Alternatively, consider using the UserDetailsService in a manually instantiated DaoAuthenticationProvider. If the current configuration is intentional, to turn off this warning, increase the logging level of 'org.springframework.security.config.annotation.authentication.configuration.InitializeUserDetailsBeanManagerConfigurer' to ERROR
2025-12-18 22:27:38,395 WARN o.s.b.a.o.j.JpaBaseConfiguration$JpaWebConfiguration [restartedMain] spring.jpa.open-in-view is enabled by default. Therefore, database queries may be performed during view rendering. Explicitly configure spring.jpa.open-in-view to disable this warning
2025-12-18 22:27:38,716 INFO o.s.b.a.h.H2ConsoleAutoConfiguration$H2ConsoleLogger [restartedMain] H2 console available at '/h2-console'. Database available at 'jdbc:h2:file:/Userdisk/workspaces/P_Projects/Tailora/src/main/resources/tailora_db'
2025-12-18 22:27:38,743 WARN o.s.s.c.a.w.b.WebSecurity [restartedMain] You are asking Spring Security to ignore Ant [pattern='/h2-console/**']. This is not recommended -- please use permitAll via HttpSecurity#authorizeHttpRequests instead.
2025-12-18 22:27:38,770 INFO o.s.b.d.a.OptionalLiveReloadServer [restartedMain] LiveReload server is running on port 35729
2025-12-18 22:27:38,784 INFO o.a.j.l.DirectJDKLog [restartedMain] Starting ProtocolHandler ["http-nio-8080"]
2025-12-18 22:27:38,792 INFO o.s.b.w.e.t.TomcatWebServer [restartedMain] Tomcat started on port 8080 (http) with context path '/'
2025-12-18 22:27:38,798 INFO o.s.b.StartupInfoLogger [restartedMain] Started TailoraApplication in 2.977 seconds (process running for 3.328)
2025-12-18 22:27:42,851 INFO o.a.j.l.DirectJDKLog [http-nio-8080-exec-2] Initializing Spring DispatcherServlet 'dispatcherServlet'
2025-12-18 22:27:42,851 INFO o.s.w.s.FrameworkServlet [http-nio-8080-exec-2] Initializing Servlet 'dispatcherServlet'
2025-12-18 22:27:42,853 INFO o.s.w.s.FrameworkServlet [http-nio-8080-exec-2] Completed initialization in 1 ms
2025-12-18 22:27:42,905 INFO c.t.c.AuthenticationController [http-nio-8080-exec-2] <------ AuthenticationController : encrypt (BEGIN) ------>
2025-12-18 22:27:42,908 INFO c.t.c.AuthenticationController [http-nio-8080-exec-2] user's tracking name is : null
2025-12-18 22:27:42,920 INFO c.t.c.AuthenticationController [http-nio-8080-exec-2] <------ AuthenticationController : encrypt (END) ------>
2025-12-18 22:28:13,446 ERROR o.a.j.l.DirectJDKLog [http-nio-8080-exec-3] Servlet.service() for servlet [dispatcherServlet] in context with path [] threw exception [Request processing failed: java.lang.RuntimeException: Some error while decoding the Header] with root cause
java.lang.RuntimeException: Some error while decoding the Header
	at com.tailora.util.Helper.getHeader(Helper.java:153)
	at com.tailora.controller.AuthenticationController.register(AuthenticationController.java:54)
	at java.base/jdk.internal.reflect.NativeMethodAccessorImpl.invoke0(Native Method)
	at java.base/jdk.internal.reflect.NativeMethodAccessorImpl.invoke(NativeMethodAccessorImpl.java:77)
	at java.base/jdk.internal.reflect.DelegatingMethodAccessorImpl.invoke(DelegatingMethodAccessorImpl.java:43)
	at java.base/java.lang.reflect.Method.invoke(Method.java:568)
	at org.springframework.web.method.support.InvocableHandlerMethod.doInvoke(InvocableHandlerMethod.java:258)
	at org.springframework.web.method.support.InvocableHandlerMethod.invokeForRequest(InvocableHandlerMethod.java:191)
	at org.springframework.web.servlet.mvc.method.annotation.ServletInvocableHandlerMethod.invokeAndHandle(ServletInvocableHandlerMethod.java:118)
	at org.springframework.web.servlet.mvc.method.annotation.RequestMappingHandlerAdapter.invokeHandlerMethod(RequestMappingHandlerAdapter.java:986)
	at org.springframework.web.servlet.mvc.method.annotation.RequestMappingHandlerAdapter.handleInternal(RequestMappingHandlerAdapter.java:891)
	at org.springframework.web.servlet.mvc.method.AbstractHandlerMethodAdapter.handle(AbstractHandlerMethodAdapter.java:87)
	at org.springframework.web.servlet.DispatcherServlet.doDispatch(DispatcherServlet.java:1089)
	at org.springframework.web.servlet.DispatcherServlet.doService(DispatcherServlet.java:979)
	at org.springframework.web.servlet.FrameworkServlet.processRequest(FrameworkServlet.java:1014)
	at org.springframework.web.servlet.FrameworkServlet.doPost(FrameworkServlet.java:914)
	at jakarta.servlet.http.HttpServlet.service(HttpServlet.java:590)
	at org.springframework.web.servlet.FrameworkServlet.service(FrameworkServlet.java:885)
	at jakarta.servlet.http.HttpServlet.service(HttpServlet.java:658)
	at org.apache.catalina.core.ApplicationFilterChain.internalDoFilter(ApplicationFilterChain.java:195)
	at org.apache.catalina.core.ApplicationFilterChain.doFilter(ApplicationFilterChain.java:140)
	at org.apache.tomcat.websocket.server.WsFilter.doFilter(WsFilter.java:51)
	at org.apache.catalina.core.ApplicationFilterChain.internalDoFilter(ApplicationFilterChain.java:164)
	at org.apache.catalina.core.ApplicationFilterChain.doFilter(ApplicationFilterChain.java:140)
	at org.springframework.web.filter.OncePerRequestFilter.doFilter(OncePerRequestFilter.java:110)
	at org.apache.catalina.core.ApplicationFilterChain.internalDoFilter(ApplicationFilterChain.java:164)
	at org.apache.catalina.core.ApplicationFilterChain.doFilter(ApplicationFilterChain.java:140)
	at org.springframework.web.filter.CompositeFilter$VirtualFilterChain.doFilter(CompositeFilter.java:108)
	at org.springframework.security.web.FilterChainProxy.lambda$doFilterInternal$3(FilterChainProxy.java:231)
	at org.springframework.security.web.FilterChainProxy$VirtualFilterChain.doFilter(FilterChainProxy.java:365)
	at org.springframework.security.web.access.intercept.AuthorizationFilter.doFilter(AuthorizationFilter.java:101)
	at org.springframework.security.web.FilterChainProxy$VirtualFilterChain.doFilter(FilterChainProxy.java:374)
	at org.springframework.security.web.access.ExceptionTranslationFilter.doFilter(ExceptionTranslationFilter.java:126)
	at org.springframework.security.web.access.ExceptionTranslationFilter.doFilter(ExceptionTranslationFilter.java:120)
	at org.springframework.security.web.FilterChainProxy$VirtualFilterChain.doFilter(FilterChainProxy.java:374)
	at org.springframework.security.web.session.SessionManagementFilter.doFilter(SessionManagementFilter.java:131)
	at org.springframework.security.web.session.SessionManagementFilter.doFilter(SessionManagementFilter.java:85)
	at org.springframework.security.web.FilterChainProxy$VirtualFilterChain.doFilter(FilterChainProxy.java:374)
	at org.springframework.security.web.authentication.AnonymousAuthenticationFilter.doFilter(AnonymousAuthenticationFilter.java:100)
	at org.springframework.security.web.FilterChainProxy$VirtualFilterChain.doFilter(FilterChainProxy.java:374)
	at org.springframework.security.web.servletapi.SecurityContextHolderAwareRequestFilter.doFilter(SecurityContextHolderAwareRequestFilter.java:179)
	at org.springframework.security.web.FilterChainProxy$VirtualFilterChain.doFilter(FilterChainProxy.java:374)
	at org.springframework.security.web.savedrequest.RequestCacheAwareFilter.doFilter(RequestCacheAwareFilter.java:63)
	at org.springframework.security.web.FilterChainProxy$VirtualFilterChain.doFilter(FilterChainProxy.java:374)
	at com.tailora.security.service.AuthTokenFilter.doFilterInternal(AuthTokenFilter.java:53)
	at org.springframework.web.filter.OncePerRequestFilter.doFilter(OncePerRequestFilter.java:116)
	at org.springframework.security.web.FilterChainProxy$VirtualFilterChain.doFilter(FilterChainProxy.java:374)
	at org.springframework.security.web.authentication.logout.LogoutFilter.doFilter(LogoutFilter.java:107)
	at org.springframework.security.web.authentication.logout.LogoutFilter.doFilter(LogoutFilter.java:93)
	at org.springframework.security.web.FilterChainProxy$VirtualFilterChain.doFilter(FilterChainProxy.java:374)
	at org.springframework.security.web.header.HeaderWriterFilter.doHeadersAfter(HeaderWriterFilter.java:90)
	at org.springframework.security.web.header.HeaderWriterFilter.doFilterInternal(HeaderWriterFilter.java:75)
	at org.springframework.web.filter.OncePerRequestFilter.doFilter(OncePerRequestFilter.java:116)
	at org.springframework.security.web.FilterChainProxy$VirtualFilterChain.doFilter(FilterChainProxy.java:374)
	at org.springframework.security.web.context.SecurityContextHolderFilter.doFilter(SecurityContextHolderFilter.java:82)
	at org.springframework.security.web.context.SecurityContextHolderFilter.doFilter(SecurityContextHolderFilter.java:69)
	at org.springframework.security.web.FilterChainProxy$VirtualFilterChain.doFilter(FilterChainProxy.java:374)
	at org.springframework.security.web.context.request.async.WebAsyncManagerIntegrationFilter.doFilterInternal(WebAsyncManagerIntegrationFilter.java:62)
	at org.springframework.web.filter.OncePerRequestFilter.doFilter(OncePerRequestFilter.java:116)
	at org.springframework.security.web.FilterChainProxy$VirtualFilterChain.doFilter(FilterChainProxy.java:374)
	at org.springframework.security.web.session.DisableEncodeUrlFilter.doFilterInternal(DisableEncodeUrlFilter.java:42)
	at org.springframework.web.filter.OncePerRequestFilter.doFilter(OncePerRequestFilter.java:116)
	at org.springframework.security.web.FilterChainProxy$VirtualFilterChain.doFilter(FilterChainProxy.java:374)
	at org.springframework.security.web.FilterChainProxy.doFilterInternal(FilterChainProxy.java:233)
	at org.springframework.security.web.FilterChainProxy.doFilter(FilterChainProxy.java:191)
	at org.springframework.web.filter.CompositeFilter$VirtualFilterChain.doFilter(CompositeFilter.java:113)
	at org.springframework.web.servlet.handler.HandlerMappingIntrospector.lambda$createCacheFilter$3(HandlerMappingIntrospector.java:243)
	at org.springframework.web.filter.CompositeFilter$VirtualFilterChain.doFilter(CompositeFilter.java:113)
	at org.springframework.web.filter.CompositeFilter.doFilter(CompositeFilter.java:74)
	at org.springframework.security.config.annotation.web.configuration.WebMvcSecurityConfiguration$CompositeFilterChainProxy.doFilter(WebMvcSecurityConfiguration.java:238)
	at org.springframework.web.filter.DelegatingFilterProxy.invokeDelegate(DelegatingFilterProxy.java:362)
	at org.springframework.web.filter.DelegatingFilterProxy.doFilter(DelegatingFilterProxy.java:278)
	at org.apache.catalina.core.ApplicationFilterChain.internalDoFilter(ApplicationFilterChain.java:164)
	at org.apache.catalina.core.ApplicationFilterChain.doFilter(ApplicationFilterChain.java:140)
	at org.springframework.web.filter.RequestContextFilter.doFilterInternal(RequestContextFilter.java:100)
	at org.springframework.web.filter.OncePerRequestFilter.doFilter(OncePerRequestFilter.java:116)
	at org.apache.catalina.core.ApplicationFilterChain.internalDoFilter(ApplicationFilterChain.java:164)
	at org.apache.catalina.core.ApplicationFilterChain.doFilter(ApplicationFilterChain.java:140)
	at org.springframework.web.filter.FormContentFilter.doFilterInternal(FormContentFilter.java:93)
	at org.springframework.web.filter.OncePerRequestFilter.doFilter(OncePerRequestFilter.java:116)
	at org.apache.catalina.core.ApplicationFilterChain.internalDoFilter(ApplicationFilterChain.java:164)
	at org.apache.catalina.core.ApplicationFilterChain.doFilter(ApplicationFilterChain.java:140)
	at org.springframework.web.filter.CharacterEncodingFilter.doFilterInternal(CharacterEncodingFilter.java:201)
	at org.springframework.web.filter.OncePerRequestFilter.doFilter(OncePerRequestFilter.java:116)
	at org.apache.catalina.core.ApplicationFilterChain.internalDoFilter(ApplicationFilterChain.java:164)
	at org.apache.catalina.core.ApplicationFilterChain.doFilter(ApplicationFilterChain.java:140)
	at org.apache.catalina.core.StandardWrapperValve.invoke(StandardWrapperValve.java:167)
	at org.apache.catalina.core.StandardContextValve.invoke(StandardContextValve.java:90)
	at org.apache.catalina.authenticator.AuthenticatorBase.invoke(AuthenticatorBase.java:483)
	at org.apache.catalina.core.StandardHostValve.invoke(StandardHostValve.java:116)
	at org.apache.catalina.valves.ErrorReportValve.invoke(ErrorReportValve.java:93)
	at org.apache.catalina.core.StandardEngineValve.invoke(StandardEngineValve.java:74)
	at org.apache.catalina.connector.CoyoteAdapter.service(CoyoteAdapter.java:344)
	at org.apache.coyote.http11.Http11Processor.service(Http11Processor.java:398)
	at org.apache.coyote.AbstractProcessorLight.process(AbstractProcessorLight.java:63)
	at org.apache.coyote.AbstractProtocol$ConnectionHandler.process(AbstractProtocol.java:903)
	at org.apache.tomcat.util.net.NioEndpoint$SocketProcessor.doRun(NioEndpoint.java:1740)
	at org.apache.tomcat.util.net.SocketProcessorBase.run(SocketProcessorBase.java:52)
	at org.apache.tomcat.util.threads.ThreadPoolExecutor.runWorker(ThreadPoolExecutor.java:1189)
	at org.apache.tomcat.util.threads.ThreadPoolExecutor$Worker.run(ThreadPoolExecutor.java:658)
	at org.apache.tomcat.util.threads.TaskThread$WrappingRunnable.run(TaskThread.java:63)
	at java.base/java.lang.Thread.run(Thread.java:833)
2025-12-18 22:28:13,455 ERROR c.t.s.s.AuthEntryPointJwt [http-nio-8080-exec-3] Unauthorized error: Full authentication is required to access this resource
2025-12-18 22:28:18,793 INFO c.t.c.AuthenticationController [http-nio-8080-exec-4] <------ AuthenticationController : register (BEGIN) ------>
2025-12-18 22:28:18,797 INFO c.t.c.AuthenticationController [http-nio-8080-exec-4] user's tracking id is : abcd1234-5678-90ef-ghij-klmnopqrstuv
2025-12-18 22:28:18,797 INFO c.t.s.UserLoginProfileServiceImpl [http-nio-8080-exec-4] <------ UserLoginProfileServiceImpl : register (BEGIN) with request => SignupRequest(username=john_doe, email=john.doe@example.com, password=SecureP@ss123, mobilenumber=9876543210) ------>
2025-12-18 22:28:19,007 INFO c.t.s.EmailServiceImpl [http-nio-8080-exec-4] <------ EmailServiceImpl : sendOtp (BEGIN) with request => EmailDto(toEmail=john.doe@example.com, body=null, subject=One Time Password for your Regsistration) ------>
2025-12-18 22:28:19,014 INFO c.t.s.EmailServiceImpl [http-nio-8080-exec-4] <------ EmailServiceImpl : sendOtp otp => 170795 ------>
2025-12-18 22:28:29,944 INFO c.t.s.EmailServiceImpl [http-nio-8080-exec-4] <------ EmailServiceImpl : sendOtp (SUCCESS) ------>
2025-12-18 22:28:29,945 INFO c.t.s.UserLoginProfileServiceImpl [http-nio-8080-exec-4] <------ UserLoginProfileServiceImpl : register (END) ----->
2025-12-18 22:28:29,946 INFO c.t.c.AuthenticationController [http-nio-8080-exec-4] <------ AuthenticationController : register (END) ------>
2025-12-18 22:28:46,663 INFO c.t.c.AuthenticationController [http-nio-8080-exec-5] <------ AuthenticationController : decrypt (BEGIN) ------>
2025-12-18 22:28:46,663 INFO c.t.c.AuthenticationController [http-nio-8080-exec-5] user's tracking name is : null
2025-12-18 22:28:46,663 INFO c.t.c.AuthenticationController [http-nio-8080-exec-5] <------ AuthenticationController : decrypt (END) ------>
2025-12-18 22:29:06,463 ERROR o.a.j.l.DirectJDKLog [http-nio-8080-exec-6] Servlet.service() for servlet [dispatcherServlet] in context with path [] threw exception [Request processing failed: java.lang.RuntimeException: Some error while decoding the Header] with root cause
java.lang.RuntimeException: Some error while decoding the Header
	at com.tailora.util.Helper.getHeader(Helper.java:153)
	at com.tailora.controller.AuthenticationController.register(AuthenticationController.java:54)
	at java.base/jdk.internal.reflect.NativeMethodAccessorImpl.invoke0(Native Method)
	at java.base/jdk.internal.reflect.NativeMethodAccessorImpl.invoke(NativeMethodAccessorImpl.java:77)
	at java.base/jdk.internal.reflect.DelegatingMethodAccessorImpl.invoke(DelegatingMethodAccessorImpl.java:43)
	at java.base/java.lang.reflect.Method.invoke(Method.java:568)
	at org.springframework.web.method.support.InvocableHandlerMethod.doInvoke(InvocableHandlerMethod.java:258)
	at org.springframework.web.method.support.InvocableHandlerMethod.invokeForRequest(InvocableHandlerMethod.java:191)
	at org.springframework.web.servlet.mvc.method.annotation.ServletInvocableHandlerMethod.invokeAndHandle(ServletInvocableHandlerMethod.java:118)
	at org.springframework.web.servlet.mvc.method.annotation.RequestMappingHandlerAdapter.invokeHandlerMethod(RequestMappingHandlerAdapter.java:986)
	at org.springframework.web.servlet.mvc.method.annotation.RequestMappingHandlerAdapter.handleInternal(RequestMappingHandlerAdapter.java:891)
	at org.springframework.web.servlet.mvc.method.AbstractHandlerMethodAdapter.handle(AbstractHandlerMethodAdapter.java:87)
	at org.springframework.web.servlet.DispatcherServlet.doDispatch(DispatcherServlet.java:1089)
	at org.springframework.web.servlet.DispatcherServlet.doService(DispatcherServlet.java:979)
	at org.springframework.web.servlet.FrameworkServlet.processRequest(FrameworkServlet.java:1014)
	at org.springframework.web.servlet.FrameworkServlet.doPost(FrameworkServlet.java:914)
	at jakarta.servlet.http.HttpServlet.service(HttpServlet.java:590)
	at org.springframework.web.servlet.FrameworkServlet.service(FrameworkServlet.java:885)
	at jakarta.servlet.http.HttpServlet.service(HttpServlet.java:658)
	at org.apache.catalina.core.ApplicationFilterChain.internalDoFilter(ApplicationFilterChain.java:195)
	at org.apache.catalina.core.ApplicationFilterChain.doFilter(ApplicationFilterChain.java:140)
	at org.apache.tomcat.websocket.server.WsFilter.doFilter(WsFilter.java:51)
	at org.apache.catalina.core.ApplicationFilterChain.internalDoFilter(ApplicationFilterChain.java:164)
	at org.apache.catalina.core.ApplicationFilterChain.doFilter(ApplicationFilterChain.java:140)
	at org.springframework.web.filter.OncePerRequestFilter.doFilter(OncePerRequestFilter.java:110)
	at org.apache.catalina.core.ApplicationFilterChain.internalDoFilter(ApplicationFilterChain.java:164)
	at org.apache.catalina.core.ApplicationFilterChain.doFilter(ApplicationFilterChain.java:140)
	at org.springframework.web.filter.CompositeFilter$VirtualFilterChain.doFilter(CompositeFilter.java:108)
	at org.springframework.security.web.FilterChainProxy.lambda$doFilterInternal$3(FilterChainProxy.java:231)
	at org.springframework.security.web.FilterChainProxy$VirtualFilterChain.doFilter(FilterChainProxy.java:365)
	at org.springframework.security.web.access.intercept.AuthorizationFilter.doFilter(AuthorizationFilter.java:101)
	at org.springframework.security.web.FilterChainProxy$VirtualFilterChain.doFilter(FilterChainProxy.java:374)
	at org.springframework.security.web.access.ExceptionTranslationFilter.doFilter(ExceptionTranslationFilter.java:126)
	at org.springframework.security.web.access.ExceptionTranslationFilter.doFilter(ExceptionTranslationFilter.java:120)
	at org.springframework.security.web.FilterChainProxy$VirtualFilterChain.doFilter(FilterChainProxy.java:374)
	at org.springframework.security.web.session.SessionManagementFilter.doFilter(SessionManagementFilter.java:131)
	at org.springframework.security.web.session.SessionManagementFilter.doFilter(SessionManagementFilter.java:85)
	at org.springframework.security.web.FilterChainProxy$VirtualFilterChain.doFilter(FilterChainProxy.java:374)
	at org.springframework.security.web.authentication.AnonymousAuthenticationFilter.doFilter(AnonymousAuthenticationFilter.java:100)
	at org.springframework.security.web.FilterChainProxy$VirtualFilterChain.doFilter(FilterChainProxy.java:374)
	at org.springframework.security.web.servletapi.SecurityContextHolderAwareRequestFilter.doFilter(SecurityContextHolderAwareRequestFilter.java:179)
	at org.springframework.security.web.FilterChainProxy$VirtualFilterChain.doFilter(FilterChainProxy.java:374)
	at org.springframework.security.web.savedrequest.RequestCacheAwareFilter.doFilter(RequestCacheAwareFilter.java:63)
	at org.springframework.security.web.FilterChainProxy$VirtualFilterChain.doFilter(FilterChainProxy.java:374)
	at com.tailora.security.service.AuthTokenFilter.doFilterInternal(AuthTokenFilter.java:53)
	at org.springframework.web.filter.OncePerRequestFilter.doFilter(OncePerRequestFilter.java:116)
	at org.springframework.security.web.FilterChainProxy$VirtualFilterChain.doFilter(FilterChainProxy.java:374)
	at org.springframework.security.web.authentication.logout.LogoutFilter.doFilter(LogoutFilter.java:107)
	at org.springframework.security.web.authentication.logout.LogoutFilter.doFilter(LogoutFilter.java:93)
	at org.springframework.security.web.FilterChainProxy$VirtualFilterChain.doFilter(FilterChainProxy.java:374)
	at org.springframework.security.web.header.HeaderWriterFilter.doHeadersAfter(HeaderWriterFilter.java:90)
	at org.springframework.security.web.header.HeaderWriterFilter.doFilterInternal(HeaderWriterFilter.java:75)
	at org.springframework.web.filter.OncePerRequestFilter.doFilter(OncePerRequestFilter.java:116)
	at org.springframework.security.web.FilterChainProxy$VirtualFilterChain.doFilter(FilterChainProxy.java:374)
	at org.springframework.security.web.context.SecurityContextHolderFilter.doFilter(SecurityContextHolderFilter.java:82)
	at org.springframework.security.web.context.SecurityContextHolderFilter.doFilter(SecurityContextHolderFilter.java:69)
	at org.springframework.security.web.FilterChainProxy$VirtualFilterChain.doFilter(FilterChainProxy.java:374)
	at org.springframework.security.web.context.request.async.WebAsyncManagerIntegrationFilter.doFilterInternal(WebAsyncManagerIntegrationFilter.java:62)
	at org.springframework.web.filter.OncePerRequestFilter.doFilter(OncePerRequestFilter.java:116)
	at org.springframework.security.web.FilterChainProxy$VirtualFilterChain.doFilter(FilterChainProxy.java:374)
	at org.springframework.security.web.session.DisableEncodeUrlFilter.doFilterInternal(DisableEncodeUrlFilter.java:42)
	at org.springframework.web.filter.OncePerRequestFilter.doFilter(OncePerRequestFilter.java:116)
	at org.springframework.security.web.FilterChainProxy$VirtualFilterChain.doFilter(FilterChainProxy.java:374)
	at org.springframework.security.web.FilterChainProxy.doFilterInternal(FilterChainProxy.java:233)
	at org.springframework.security.web.FilterChainProxy.doFilter(FilterChainProxy.java:191)
	at org.springframework.web.filter.CompositeFilter$VirtualFilterChain.doFilter(CompositeFilter.java:113)
	at org.springframework.web.servlet.handler.HandlerMappingIntrospector.lambda$createCacheFilter$3(HandlerMappingIntrospector.java:243)
	at org.springframework.web.filter.CompositeFilter$VirtualFilterChain.doFilter(CompositeFilter.java:113)
	at org.springframework.web.filter.CompositeFilter.doFilter(CompositeFilter.java:74)
	at org.springframework.security.config.annotation.web.configuration.WebMvcSecurityConfiguration$CompositeFilterChainProxy.doFilter(WebMvcSecurityConfiguration.java:238)
	at org.springframework.web.filter.DelegatingFilterProxy.invokeDelegate(DelegatingFilterProxy.java:362)
	at org.springframework.web.filter.DelegatingFilterProxy.doFilter(DelegatingFilterProxy.java:278)
	at org.apache.catalina.core.ApplicationFilterChain.internalDoFilter(ApplicationFilterChain.java:164)
	at org.apache.catalina.core.ApplicationFilterChain.doFilter(ApplicationFilterChain.java:140)
	at org.springframework.web.filter.RequestContextFilter.doFilterInternal(RequestContextFilter.java:100)
	at org.springframework.web.filter.OncePerRequestFilter.doFilter(OncePerRequestFilter.java:116)
	at org.apache.catalina.core.ApplicationFilterChain.internalDoFilter(ApplicationFilterChain.java:164)
	at org.apache.catalina.core.ApplicationFilterChain.doFilter(ApplicationFilterChain.java:140)
	at org.springframework.web.filter.FormContentFilter.doFilterInternal(FormContentFilter.java:93)
	at org.springframework.web.filter.OncePerRequestFilter.doFilter(OncePerRequestFilter.java:116)
	at org.apache.catalina.core.ApplicationFilterChain.internalDoFilter(ApplicationFilterChain.java:164)
	at org.apache.catalina.core.ApplicationFilterChain.doFilter(ApplicationFilterChain.java:140)
	at org.springframework.web.filter.CharacterEncodingFilter.doFilterInternal(CharacterEncodingFilter.java:201)
	at org.springframework.web.filter.OncePerRequestFilter.doFilter(OncePerRequestFilter.java:116)
	at org.apache.catalina.core.ApplicationFilterChain.internalDoFilter(ApplicationFilterChain.java:164)
	at org.apache.catalina.core.ApplicationFilterChain.doFilter(ApplicationFilterChain.java:140)
	at org.apache.catalina.core.StandardWrapperValve.invoke(StandardWrapperValve.java:167)
	at org.apache.catalina.core.StandardContextValve.invoke(StandardContextValve.java:90)
	at org.apache.catalina.authenticator.AuthenticatorBase.invoke(AuthenticatorBase.java:483)
	at org.apache.catalina.core.StandardHostValve.invoke(StandardHostValve.java:116)
	at org.apache.catalina.valves.ErrorReportValve.invoke(ErrorReportValve.java:93)
	at org.apache.catalina.core.StandardEngineValve.invoke(StandardEngineValve.java:74)
	at org.apache.catalina.connector.CoyoteAdapter.service(CoyoteAdapter.java:344)
	at org.apache.coyote.http11.Http11Processor.service(Http11Processor.java:398)
	at org.apache.coyote.AbstractProcessorLight.process(AbstractProcessorLight.java:63)
	at org.apache.coyote.AbstractProtocol$ConnectionHandler.process(AbstractProtocol.java:903)
	at org.apache.tomcat.util.net.NioEndpoint$SocketProcessor.doRun(NioEndpoint.java:1740)
	at org.apache.tomcat.util.net.SocketProcessorBase.run(SocketProcessorBase.java:52)
	at org.apache.tomcat.util.threads.ThreadPoolExecutor.runWorker(ThreadPoolExecutor.java:1189)
	at org.apache.tomcat.util.threads.ThreadPoolExecutor$Worker.run(ThreadPoolExecutor.java:658)
	at org.apache.tomcat.util.threads.TaskThread$WrappingRunnable.run(TaskThread.java:63)
	at java.base/java.lang.Thread.run(Thread.java:833)
2025-12-18 22:29:06,464 ERROR c.t.s.s.AuthEntryPointJwt [http-nio-8080-exec-6] Unauthorized error: Full authentication is required to access this resource
2025-12-18 22:29:17,902 INFO o.s.b.a.SpringApplicationAdminMXBeanRegistrar$SpringApplicationAdmin [RMI TCP Connection(5)-127.0.0.1] Application shutdown requested.
2025-12-18 22:29:17,906 INFO o.s.b.w.e.t.GracefulShutdown [RMI TCP Connection(5)-127.0.0.1] Commencing graceful shutdown. Waiting for active requests to complete
2025-12-18 22:29:17,909 INFO o.a.j.l.DirectJDKLog [tomcat-shutdown] Pausing ProtocolHandler ["http-nio-8080"]
2025-12-18 22:29:17,911 INFO o.s.b.w.e.t.GracefulShutdown [tomcat-shutdown] Graceful shutdown complete
2025-12-18 22:29:17,912 INFO o.a.j.l.DirectJDKLog [RMI TCP Connection(5)-127.0.0.1] Stopping ProtocolHandler ["http-nio-8080"]
2025-12-18 22:29:17,924 INFO o.s.o.j.AbstractEntityManagerFactoryBean [RMI TCP Connection(5)-127.0.0.1] Closing JPA EntityManagerFactory for persistence unit 'default'
2025-12-18 22:29:17,930 INFO c.z.h.HikariDataSource [RMI TCP Connection(5)-127.0.0.1] HikariPool-1 - Shutdown initiated...
2025-12-18 22:29:18,146 INFO c.z.h.HikariDataSource [RMI TCP Connection(5)-127.0.0.1] HikariPool-1 - Shutdown completed.
2025-12-18 22:29:19,286 INFO o.h.v.i.u.Version [background-preinit] HV000001: Hibernate Validator 8.0.2.Final
2025-12-18 22:29:19,325 INFO o.s.b.StartupInfoLogger [restartedMain] Starting TailoraApplication using Java 17.0.1 with PID 6569 (/Userdisk/workspaces/P_Projects/Tailora/target/classes started by karunkumar in /Userdisk/workspaces/P_Projects/Tailora)
2025-12-18 22:29:19,326 INFO o.s.b.SpringApplication [restartedMain] The following 1 profile is active: "dev"
2025-12-18 22:29:19,356 INFO o.s.b.l.DeferredLog [restartedMain] Devtools property defaults active! Set 'spring.devtools.add-properties' to 'false' to disable
2025-12-18 22:29:19,356 INFO o.s.b.l.DeferredLog [restartedMain] For additional web related logging consider setting the 'logging.level.web' property to 'DEBUG'
2025-12-18 22:29:19,876 INFO o.s.d.r.c.RepositoryConfigurationDelegate [restartedMain] Bootstrapping Spring Data JPA repositories in DEFAULT mode.
2025-12-18 22:29:19,909 INFO o.s.d.r.c.RepositoryConfigurationDelegate [restartedMain] Finished Spring Data repository scanning in 29 ms. Found 7 JPA repository interfaces.
2025-12-18 22:29:20,207 INFO o.s.b.w.e.t.TomcatWebServer [restartedMain] Tomcat initialized with port 8080 (http)
2025-12-18 22:29:20,213 INFO o.a.j.l.DirectJDKLog [restartedMain] Initializing ProtocolHandler ["http-nio-8080"]
2025-12-18 22:29:20,214 INFO o.a.j.l.DirectJDKLog [restartedMain] Starting service [Tomcat]
2025-12-18 22:29:20,214 INFO o.a.j.l.DirectJDKLog [restartedMain] Starting Servlet engine: [Apache Tomcat/10.1.40]
2025-12-18 22:29:20,234 INFO o.a.j.l.DirectJDKLog [restartedMain] Initializing Spring embedded WebApplicationContext
2025-12-18 22:29:20,235 INFO o.s.b.w.s.c.ServletWebServerApplicationContext [restartedMain] Root WebApplicationContext: initialization completed in 879 ms
2025-12-18 22:29:20,305 INFO o.h.j.i.u.LogHelper [restartedMain] HHH000204: Processing PersistenceUnitInfo [name: default]
2025-12-18 22:29:20,328 INFO o.h.Version [restartedMain] HHH000412: Hibernate ORM core version 6.6.13.Final
2025-12-18 22:29:20,343 INFO o.h.c.i.RegionFactoryInitiator [restartedMain] HHH000026: Second-level cache disabled
2025-12-18 22:29:20,474 INFO o.s.o.j.p.SpringPersistenceUnitInfo [restartedMain] No LoadTimeWeaver setup: ignoring JPA class transformer
2025-12-18 22:29:20,488 INFO c.z.h.HikariDataSource [restartedMain] HikariPool-1 - Starting...
2025-12-18 22:29:20,616 INFO c.z.h.p.HikariPool [restartedMain] HikariPool-1 - Added connection conn0: url=jdbc:h2:file:/Userdisk/workspaces/P_Projects/Tailora/src/main/resources/tailora_db user=ROOT
2025-12-18 22:29:20,617 INFO c.z.h.HikariDataSource [restartedMain] HikariPool-1 - Start completed.
2025-12-18 22:29:20,629 WARN o.h.e.j.d.i.DialectFactoryImpl [restartedMain] HHH90000025: H2Dialect does not need to be specified explicitly using 'hibernate.dialect' (remove the property setting and it will be selected by default)
2025-12-18 22:29:20,641 INFO o.h.e.j.e.i.JdbcEnvironmentInitiator [restartedMain] HHH10001005: Database info:
	Database JDBC URL [Connecting through datasource 'HikariDataSource (HikariPool-1)']
	Database driver: undefined/unknown
	Database version: 2.3.232
	Autocommit mode: undefined/unknown
	Isolation level: undefined/unknown
	Minimum pool size: undefined/unknown
	Maximum pool size: undefined/unknown
2025-12-18 22:29:21,226 INFO o.h.e.t.j.p.i.JtaPlatformInitiator [restartedMain] HHH000489: No JTA platform available (set 'hibernate.transaction.jta.platform' to enable JTA platform integration)
2025-12-18 22:29:21,252 INFO o.s.o.j.AbstractEntityManagerFactoryBean [restartedMain] Initialized JPA EntityManagerFactory for persistence unit 'default'
2025-12-18 22:29:21,504 INFO o.s.d.j.r.q.QueryEnhancerFactory [restartedMain] Hibernate is in classpath; If applicable, HQL parser will be used.
2025-12-18 22:29:21,769 INFO o.s.s.c.a.a.c.InitializeAuthenticationProviderBeanManagerConfigurer$InitializeAuthenticationProviderManagerConfigurer [restartedMain] Global AuthenticationManager configured with AuthenticationProvider bean with name authenticationProvider
2025-12-18 22:29:21,770 WARN o.s.s.c.a.a.c.InitializeUserDetailsBeanManagerConfigurer$InitializeUserDetailsManagerConfigurer [restartedMain] Global AuthenticationManager configured with an AuthenticationProvider bean. UserDetailsService beans will not be used by Spring Security for automatically configuring username/password login. Consider removing the AuthenticationProvider bean. Alternatively, consider using the UserDetailsService in a manually instantiated DaoAuthenticationProvider. If the current configuration is intentional, to turn off this warning, increase the logging level of 'org.springframework.security.config.annotation.authentication.configuration.InitializeUserDetailsBeanManagerConfigurer' to ERROR
2025-12-18 22:29:21,859 WARN o.s.b.a.o.j.JpaBaseConfiguration$JpaWebConfiguration [restartedMain] spring.jpa.open-in-view is enabled by default. Therefore, database queries may be performed during view rendering. Explicitly configure spring.jpa.open-in-view to disable this warning
2025-12-18 22:29:22,177 INFO o.s.b.a.h.H2ConsoleAutoConfiguration$H2ConsoleLogger [restartedMain] H2 console available at '/h2-console'. Database available at 'jdbc:h2:file:/Userdisk/workspaces/P_Projects/Tailora/src/main/resources/tailora_db'
2025-12-18 22:29:22,204 WARN o.s.s.c.a.w.b.WebSecurity [restartedMain] You are asking Spring Security to ignore Ant [pattern='/h2-console/**']. This is not recommended -- please use permitAll via HttpSecurity#authorizeHttpRequests instead.
2025-12-18 22:29:22,230 INFO o.s.b.d.a.OptionalLiveReloadServer [restartedMain] LiveReload server is running on port 35729
2025-12-18 22:29:22,244 INFO o.a.j.l.DirectJDKLog [restartedMain] Starting ProtocolHandler ["http-nio-8080"]
2025-12-18 22:29:22,253 INFO o.s.b.w.e.t.TomcatWebServer [restartedMain] Tomcat started on port 8080 (http) with context path '/'
2025-12-18 22:29:22,260 INFO o.s.b.StartupInfoLogger [restartedMain] Started TailoraApplication in 3.195 seconds (process running for 3.59)
2025-12-18 22:29:26,821 INFO o.a.j.l.DirectJDKLog [http-nio-8080-exec-2] Initializing Spring DispatcherServlet 'dispatcherServlet'
2025-12-18 22:29:26,822 INFO o.s.w.s.FrameworkServlet [http-nio-8080-exec-2] Initializing Servlet 'dispatcherServlet'
2025-12-18 22:29:26,823 INFO o.s.w.s.FrameworkServlet [http-nio-8080-exec-2] Completed initialization in 1 ms
2025-12-18 22:29:26,909 INFO c.t.c.AuthenticationController [http-nio-8080-exec-2] <------ AuthenticationController : register (BEGIN) ------>
2025-12-18 22:29:26,919 INFO c.t.c.AuthenticationController [http-nio-8080-exec-2] user's tracking id is : abcd1234-5678-90ef-ghij-klmnopqrstuv
2025-12-18 22:29:26,919 INFO c.t.s.UserLoginProfileServiceImpl [http-nio-8080-exec-2] <------ UserLoginProfileServiceImpl : register (BEGIN) with request => SignupRequest(username=john_dose, email=john.dose@example.com, password=SecureP@ss123, mobilenumber=9876543201) ------>
2025-12-18 22:29:27,104 INFO c.t.s.EmailServiceImpl [http-nio-8080-exec-2] <------ EmailServiceImpl : sendOtp (BEGIN) with request => EmailDto(toEmail=john.dose@example.com, body=null, subject=One Time Password for your Regsistration) ------>
2025-12-18 22:29:27,109 INFO c.t.s.EmailServiceImpl [http-nio-8080-exec-2] <------ EmailServiceImpl : sendOtp otp => 455061 ------>
2025-12-18 22:29:37,954 INFO c.t.s.EmailServiceImpl [http-nio-8080-exec-2] <------ EmailServiceImpl : sendOtp (SUCCESS) ------>
2025-12-18 22:29:37,956 INFO c.t.s.UserLoginProfileServiceImpl [http-nio-8080-exec-2] <------ UserLoginProfileServiceImpl : register (END) ----->
2025-12-18 22:29:37,957 INFO c.t.c.AuthenticationController [http-nio-8080-exec-2] <------ AuthenticationController : register (END) ------>
2025-12-18 22:36:41,902 INFO c.t.c.AuthenticationController [http-nio-8080-exec-5] <------ AuthenticationController : verifyOtpForRegister (BEGIN) ------>
2025-12-18 22:36:41,905 INFO c.t.c.AuthenticationController [http-nio-8080-exec-5] user's tracking id is : 123e4567-e89b-12d3-a456-426614174000
2025-12-18 22:36:41,911 INFO c.t.s.UserLoginProfileServiceImpl [http-nio-8080-exec-5] <------ UserLoginProfileServiceImpl : verifyOtpForRegister (BEGIN) with request => OtpEntityDto(email=john.doe@example.com, otp=455061, description=null) ------>
2025-12-18 22:36:41,918 WARN o.h.e.j.s.SqlExceptionHelper [http-nio-8080-exec-5] SQL Error: 42122, SQLState: 42S22
2025-12-18 22:36:41,918 ERROR o.h.e.j.s.SqlExceptionHelper [http-nio-8080-exec-5] Column "CREATED_DATE_TIME" not found; SQL statement:
SELECT * from OTP_ENTITY where EMAIL = ? ORDER BY CREATED_DATE_TIME DESC LIMIT 1 [42122-232]
2025-12-18 22:36:41,923 INFO c.t.s.UserLoginProfileServiceImpl [http-nio-8080-exec-5] <------ UserLoginProfileServiceImpl : verifyOtpForRegister (FAILED) ----->
2025-12-18 22:36:41,924 INFO c.t.c.AuthenticationController [http-nio-8080-exec-5] <------ AuthenticationController : verifyOtpForRegister (FAILED) ------>
2025-12-18 22:36:59,625 INFO c.t.c.AuthenticationController [http-nio-8080-exec-7] <------ AuthenticationController : verifyOtpForRegister (BEGIN) ------>
2025-12-18 22:36:59,626 INFO c.t.c.AuthenticationController [http-nio-8080-exec-7] user's tracking id is : 123e4567-e89b-12d3-a456-426614174000
2025-12-18 22:36:59,628 INFO c.t.s.UserLoginProfileServiceImpl [http-nio-8080-exec-7] <------ UserLoginProfileServiceImpl : verifyOtpForRegister (BEGIN) with request => OtpEntityDto(email=john.doe@example.com, otp=455061, description=null) ------>
2025-12-18 22:36:59,630 WARN o.h.e.j.s.SqlExceptionHelper [http-nio-8080-exec-7] SQL Error: 42122, SQLState: 42S22
2025-12-18 22:36:59,630 ERROR o.h.e.j.s.SqlExceptionHelper [http-nio-8080-exec-7] Column "CREATED_DATE_TIME" not found; SQL statement:
SELECT * from OTP_ENTITY where EMAIL = ? ORDER BY CREATED_DATE_TIME DESC LIMIT 1 [42122-232]
2025-12-18 22:36:59,630 INFO c.t.s.UserLoginProfileServiceImpl [http-nio-8080-exec-7] <------ UserLoginProfileServiceImpl : verifyOtpForRegister (FAILED) ----->
2025-12-18 22:36:59,630 INFO c.t.c.AuthenticationController [http-nio-8080-exec-7] <------ AuthenticationController : verifyOtpForRegister (FAILED) ------>
2025-12-18 22:37:45,662 ERROR c.t.s.s.AuthEntryPointJwt [http-nio-8080-exec-3] Unauthorized error: Full authentication is required to access this resource
2025-12-18 22:37:47,915 ERROR c.t.s.s.AuthEntryPointJwt [http-nio-8080-exec-5] Unauthorized error: Full authentication is required to access this resource
2025-12-18 22:44:52,303 INFO o.s.b.a.SpringApplicationAdminMXBeanRegistrar$SpringApplicationAdmin [RMI TCP Connection(19)-127.0.0.1] Application shutdown requested.
2025-12-18 22:44:52,306 INFO o.s.b.w.e.t.GracefulShutdown [RMI TCP Connection(19)-127.0.0.1] Commencing graceful shutdown. Waiting for active requests to complete
2025-12-18 22:44:52,308 INFO o.a.j.l.DirectJDKLog [tomcat-shutdown] Pausing ProtocolHandler ["http-nio-8080"]
2025-12-18 22:44:52,310 INFO o.s.b.w.e.t.GracefulShutdown [tomcat-shutdown] Graceful shutdown complete
2025-12-18 22:44:52,311 INFO o.a.j.l.DirectJDKLog [RMI TCP Connection(19)-127.0.0.1] Stopping ProtocolHandler ["http-nio-8080"]
2025-12-18 22:44:52,320 INFO o.s.o.j.AbstractEntityManagerFactoryBean [RMI TCP Connection(19)-127.0.0.1] Closing JPA EntityManagerFactory for persistence unit 'default'
2025-12-18 22:44:52,325 INFO c.z.h.HikariDataSource [RMI TCP Connection(19)-127.0.0.1] HikariPool-1 - Shutdown initiated...
2025-12-18 22:44:52,328 INFO c.z.h.HikariDataSource [RMI TCP Connection(19)-127.0.0.1] HikariPool-1 - Shutdown completed.
2025-12-18 22:44:53,822 INFO o.h.v.i.u.Version [background-preinit] HV000001: Hibernate Validator 8.0.2.Final
2025-12-18 22:44:53,837 INFO o.s.b.StartupInfoLogger [restartedMain] Starting TailoraApplication using Java 17.0.1 with PID 7893 (/Userdisk/workspaces/P_Projects/Tailora/target/classes started by karunkumar in /Userdisk/workspaces/P_Projects/Tailora)
2025-12-18 22:44:53,838 INFO o.s.b.SpringApplication [restartedMain] The following 1 profile is active: "dev"
2025-12-18 22:44:53,878 INFO o.s.b.l.DeferredLog [restartedMain] Devtools property defaults active! Set 'spring.devtools.add-properties' to 'false' to disable
2025-12-18 22:44:53,878 INFO o.s.b.l.DeferredLog [restartedMain] For additional web related logging consider setting the 'logging.level.web' property to 'DEBUG'
2025-12-18 22:44:54,335 INFO o.s.d.r.c.RepositoryConfigurationDelegate [restartedMain] Bootstrapping Spring Data JPA repositories in DEFAULT mode.
2025-12-18 22:44:54,372 INFO o.s.d.r.c.RepositoryConfigurationDelegate [restartedMain] Finished Spring Data repository scanning in 32 ms. Found 7 JPA repository interfaces.
2025-12-18 22:44:54,701 INFO o.s.b.w.e.t.TomcatWebServer [restartedMain] Tomcat initialized with port 8080 (http)
2025-12-18 22:44:54,707 INFO o.a.j.l.DirectJDKLog [restartedMain] Initializing ProtocolHandler ["http-nio-8080"]
2025-12-18 22:44:54,708 INFO o.a.j.l.DirectJDKLog [restartedMain] Starting service [Tomcat]
2025-12-18 22:44:54,708 INFO o.a.j.l.DirectJDKLog [restartedMain] Starting Servlet engine: [Apache Tomcat/10.1.40]
2025-12-18 22:44:54,732 INFO o.a.j.l.DirectJDKLog [restartedMain] Initializing Spring embedded WebApplicationContext
2025-12-18 22:44:54,732 INFO o.s.b.w.s.c.ServletWebServerApplicationContext [restartedMain] Root WebApplicationContext: initialization completed in 853 ms
2025-12-18 22:44:54,818 INFO o.h.j.i.u.LogHelper [restartedMain] HHH000204: Processing PersistenceUnitInfo [name: default]
2025-12-18 22:44:54,845 INFO o.h.Version [restartedMain] HHH000412: Hibernate ORM core version 6.6.13.Final
2025-12-18 22:44:54,861 INFO o.h.c.i.RegionFactoryInitiator [restartedMain] HHH000026: Second-level cache disabled
2025-12-18 22:44:54,989 INFO o.s.o.j.p.SpringPersistenceUnitInfo [restartedMain] No LoadTimeWeaver setup: ignoring JPA class transformer
2025-12-18 22:44:55,003 INFO c.z.h.HikariDataSource [restartedMain] HikariPool-1 - Starting...
2025-12-18 22:44:55,132 INFO c.z.h.p.HikariPool [restartedMain] HikariPool-1 - Added connection conn0: url=jdbc:h2:file:/Userdisk/workspaces/P_Projects/Tailora/src/main/resources/tailora_db user=ROOT
2025-12-18 22:44:55,134 INFO c.z.h.HikariDataSource [restartedMain] HikariPool-1 - Start completed.
2025-12-18 22:44:55,155 WARN o.h.e.j.d.i.DialectFactoryImpl [restartedMain] HHH90000025: H2Dialect does not need to be specified explicitly using 'hibernate.dialect' (remove the property setting and it will be selected by default)
2025-12-18 22:44:55,168 INFO o.h.e.j.e.i.JdbcEnvironmentInitiator [restartedMain] HHH10001005: Database info:
	Database JDBC URL [Connecting through datasource 'HikariDataSource (HikariPool-1)']
	Database driver: undefined/unknown
	Database version: 2.3.232
	Autocommit mode: undefined/unknown
	Isolation level: undefined/unknown
	Minimum pool size: undefined/unknown
	Maximum pool size: undefined/unknown
2025-12-18 22:44:55,706 INFO o.h.e.t.j.p.i.JtaPlatformInitiator [restartedMain] HHH000489: No JTA platform available (set 'hibernate.transaction.jta.platform' to enable JTA platform integration)
2025-12-18 22:44:55,742 INFO o.s.o.j.AbstractEntityManagerFactoryBean [restartedMain] Initialized JPA EntityManagerFactory for persistence unit 'default'
2025-12-18 22:44:55,960 INFO o.s.d.j.r.q.QueryEnhancerFactory [restartedMain] Hibernate is in classpath; If applicable, HQL parser will be used.
2025-12-18 22:44:56,261 INFO o.s.s.c.a.a.c.InitializeAuthenticationProviderBeanManagerConfigurer$InitializeAuthenticationProviderManagerConfigurer [restartedMain] Global AuthenticationManager configured with AuthenticationProvider bean with name authenticationProvider
2025-12-18 22:44:56,261 WARN o.s.s.c.a.a.c.InitializeUserDetailsBeanManagerConfigurer$InitializeUserDetailsManagerConfigurer [restartedMain] Global AuthenticationManager configured with an AuthenticationProvider bean. UserDetailsService beans will not be used by Spring Security for automatically configuring username/password login. Consider removing the AuthenticationProvider bean. Alternatively, consider using the UserDetailsService in a manually instantiated DaoAuthenticationProvider. If the current configuration is intentional, to turn off this warning, increase the logging level of 'org.springframework.security.config.annotation.authentication.configuration.InitializeUserDetailsBeanManagerConfigurer' to ERROR
2025-12-18 22:44:56,354 WARN o.s.b.a.o.j.JpaBaseConfiguration$JpaWebConfiguration [restartedMain] spring.jpa.open-in-view is enabled by default. Therefore, database queries may be performed during view rendering. Explicitly configure spring.jpa.open-in-view to disable this warning
2025-12-18 22:44:56,692 INFO o.s.b.a.h.H2ConsoleAutoConfiguration$H2ConsoleLogger [restartedMain] H2 console available at '/h2-console'. Database available at 'jdbc:h2:file:/Userdisk/workspaces/P_Projects/Tailora/src/main/resources/tailora_db'
2025-12-18 22:44:56,720 WARN o.s.s.c.a.w.b.WebSecurity [restartedMain] You are asking Spring Security to ignore Ant [pattern='/h2-console/**']. This is not recommended -- please use permitAll via HttpSecurity#authorizeHttpRequests instead.
2025-12-18 22:44:56,746 INFO o.s.b.d.a.OptionalLiveReloadServer [restartedMain] LiveReload server is running on port 35729
2025-12-18 22:44:56,760 INFO o.a.j.l.DirectJDKLog [restartedMain] Starting ProtocolHandler ["http-nio-8080"]
2025-12-18 22:44:56,773 INFO o.s.b.w.e.t.TomcatWebServer [restartedMain] Tomcat started on port 8080 (http) with context path '/'
2025-12-18 22:44:56,780 INFO o.s.b.StartupInfoLogger [restartedMain] Started TailoraApplication in 3.218 seconds (process running for 3.554)
2025-12-18 22:45:14,614 INFO o.a.j.l.DirectJDKLog [http-nio-8080-exec-2] Initializing Spring DispatcherServlet 'dispatcherServlet'
2025-12-18 22:45:14,615 INFO o.s.w.s.FrameworkServlet [http-nio-8080-exec-2] Initializing Servlet 'dispatcherServlet'
2025-12-18 22:45:14,618 INFO o.s.w.s.FrameworkServlet [http-nio-8080-exec-2] Completed initialization in 1 ms
2025-12-18 22:45:14,692 INFO c.t.c.AuthenticationController [http-nio-8080-exec-2] <------ AuthenticationController : register (BEGIN) ------>
2025-12-18 22:45:14,701 INFO c.t.c.AuthenticationController [http-nio-8080-exec-2] user's tracking id is : abcd1234-5678-90ef-ghij-klmnopqrstuv
2025-12-18 22:45:14,702 INFO c.t.s.UserLoginProfileServiceImpl [http-nio-8080-exec-2] <------ UserLoginProfileServiceImpl : register (BEGIN) with request => SignupRequest(username=john_dose, email=john.dose@example.com, password=SecureP@ss123, mobilenumber=9876543201) ------>
2025-12-18 22:45:14,782 INFO c.t.s.EmailServiceImpl [http-nio-8080-exec-2] <------ EmailServiceImpl : sendOtp (BEGIN) with request => EmailDto(toEmail=john.dose@example.com, body=null, subject=User ALready Added, Please re-try with this OTP) ------>
2025-12-18 22:45:14,818 INFO c.t.s.EmailServiceImpl [http-nio-8080-exec-2] <------ EmailServiceImpl : sendOtp otp => 125464 ------>
2025-12-18 22:45:14,819 INFO c.t.s.OtpEntityServiceImpl [http-nio-8080-exec-2] <------ OtpEntityServiceImpl : saveOtp (BEGIN) with request => OtpEntity(email=john.dose@example.com, otp=125464, description=User ALready Added, Please re-try with this OTP) ------>
2025-12-18 22:45:14,821 INFO c.t.s.OtpEntityServiceImpl [http-nio-8080-exec-2] <------ OtpEntityServiceImpl : saveOtp (END) ------>
2025-12-18 22:45:25,058 INFO c.t.s.EmailServiceImpl [http-nio-8080-exec-2] <------ EmailServiceImpl : sendOtp (SUCCESS) ------>
2025-12-18 22:45:25,059 INFO c.t.s.UserLoginProfileServiceImpl [http-nio-8080-exec-2] <------ UserLoginProfileServiceImpl : register (END) ----->
2025-12-18 22:45:25,059 INFO c.t.c.AuthenticationController [http-nio-8080-exec-2] <------ AuthenticationController : register (END) ------>
2025-12-18 22:45:59,611 INFO c.t.c.AuthenticationController [http-nio-8080-exec-3] <------ AuthenticationController : verifyOtpForRegister (BEGIN) ------>
2025-12-18 22:45:59,612 INFO c.t.c.AuthenticationController [http-nio-8080-exec-3] user's tracking id is : 123e4567-e89b-12d3-a456-426614174000
2025-12-18 22:45:59,613 INFO c.t.s.UserLoginProfileServiceImpl [http-nio-8080-exec-3] <------ UserLoginProfileServiceImpl : verifyOtpForRegister (BEGIN) with request => OtpEntityDto(email=john.doe@example.com, otp=125464, description=null) ------>
2025-12-18 22:45:59,619 WARN o.h.e.j.s.SqlExceptionHelper [http-nio-8080-exec-3] SQL Error: 42122, SQLState: 42S22
2025-12-18 22:45:59,620 ERROR o.h.e.j.s.SqlExceptionHelper [http-nio-8080-exec-3] Column "CREATED_DATE_TIME" not found; SQL statement:
SELECT * from OTP_ENTITY where EMAIL = ? ORDER BY CREATED_DATE_TIME DESC LIMIT 1 [42122-232]
2025-12-18 22:45:59,623 INFO c.t.s.UserLoginProfileServiceImpl [http-nio-8080-exec-3] <------ UserLoginProfileServiceImpl : verifyOtpForRegister (FAILED) ----->
2025-12-18 22:45:59,624 INFO c.t.c.AuthenticationController [http-nio-8080-exec-3] <------ AuthenticationController : verifyOtpForRegister (FAILED) ------>
2025-12-18 22:46:07,429 ERROR c.t.s.s.AuthEntryPointJwt [http-nio-8080-exec-10] Unauthorized error: Full authentication is required to access this resource
2025-12-18 22:46:10,074 ERROR c.t.s.s.AuthEntryPointJwt [http-nio-8080-exec-7] Unauthorized error: Full authentication is required to access this resource
2025-12-18 22:47:25,114 INFO c.t.c.AuthenticationController [http-nio-8080-exec-4] <------ AuthenticationController : register (BEGIN) ------>
2025-12-18 22:47:25,115 INFO c.t.c.AuthenticationController [http-nio-8080-exec-4] user's tracking id is : abcd1234-5678-90ef-ghij-klmnopqrstuv
2025-12-18 22:47:25,115 INFO c.t.s.UserLoginProfileServiceImpl [http-nio-8080-exec-4] <------ UserLoginProfileServiceImpl : register (BEGIN) with request => SignupRequest(username=john_dose, email=john.dose@example.com, password=SecureP@ss123, mobilenumber=9876543201) ------>
2025-12-18 22:47:25,128 INFO c.t.s.EmailServiceImpl [http-nio-8080-exec-4] <------ EmailServiceImpl : sendOtp (BEGIN) with request => EmailDto(toEmail=john.dose@example.com, body=null, subject=User ALready Added, Please re-try with this OTP) ------>
2025-12-18 22:47:25,131 INFO c.t.s.EmailServiceImpl [http-nio-8080-exec-4] <------ EmailServiceImpl : sendOtp otp => 198876 ------>
2025-12-18 22:47:25,131 INFO c.t.s.OtpEntityServiceImpl [http-nio-8080-exec-4] <------ OtpEntityServiceImpl : saveOtp (BEGIN) with request => OtpEntity(email=john.dose@example.com, otp=198876, description=User ALready Added, Please re-try with this OTP) ------>
2025-12-18 22:47:25,133 INFO c.t.s.OtpEntityServiceImpl [http-nio-8080-exec-4] <------ OtpEntityServiceImpl : saveOtp (END) ------>
2025-12-18 22:47:35,463 INFO c.t.s.EmailServiceImpl [http-nio-8080-exec-4] <------ EmailServiceImpl : sendOtp (SUCCESS) ------>
2025-12-18 22:47:35,464 INFO c.t.s.UserLoginProfileServiceImpl [http-nio-8080-exec-4] <------ UserLoginProfileServiceImpl : register (END) ----->
2025-12-18 22:47:35,465 INFO c.t.c.AuthenticationController [http-nio-8080-exec-4] <------ AuthenticationController : register (END) ------>
2025-12-18 22:47:55,138 INFO c.t.c.AuthenticationController [http-nio-8080-exec-2] <------ AuthenticationController : verifyOtpForRegister (BEGIN) ------>
2025-12-18 22:47:55,139 INFO c.t.c.AuthenticationController [http-nio-8080-exec-2] user's tracking id is : 123e4567-e89b-12d3-a456-426614174000
2025-12-18 22:47:55,142 INFO c.t.s.UserLoginProfileServiceImpl [http-nio-8080-exec-2] <------ UserLoginProfileServiceImpl : verifyOtpForRegister (BEGIN) with request => OtpEntityDto(email=john.doe@example.com, otp=198876, description=null) ------>
2025-12-18 22:47:55,145 WARN o.h.e.j.s.SqlExceptionHelper [http-nio-8080-exec-2] SQL Error: 42122, SQLState: 42S22
2025-12-18 22:47:55,145 ERROR o.h.e.j.s.SqlExceptionHelper [http-nio-8080-exec-2] Column "CREATED_DATE_TIME" not found; SQL statement:
SELECT * from OTP_ENTITY where EMAIL = ? ORDER BY CREATED_DATE_TIME DESC LIMIT 1 [42122-232]
2025-12-18 22:47:55,146 INFO c.t.s.UserLoginProfileServiceImpl [http-nio-8080-exec-2] <------ UserLoginProfileServiceImpl : verifyOtpForRegister (FAILED) ----->
2025-12-18 22:47:55,146 INFO c.t.c.AuthenticationController [http-nio-8080-exec-2] <------ AuthenticationController : verifyOtpForRegister (FAILED) ------>
2025-12-18 22:51:11,902 INFO o.s.b.a.SpringApplicationAdminMXBeanRegistrar$SpringApplicationAdmin [RMI TCP Connection(11)-127.0.0.1] Application shutdown requested.
2025-12-18 22:51:11,905 INFO o.s.b.w.e.t.GracefulShutdown [RMI TCP Connection(11)-127.0.0.1] Commencing graceful shutdown. Waiting for active requests to complete
2025-12-18 22:51:11,907 INFO o.a.j.l.DirectJDKLog [tomcat-shutdown] Pausing ProtocolHandler ["http-nio-8080"]
2025-12-18 22:51:11,909 INFO o.s.b.w.e.t.GracefulShutdown [tomcat-shutdown] Graceful shutdown complete
2025-12-18 22:51:11,910 INFO o.a.j.l.DirectJDKLog [RMI TCP Connection(11)-127.0.0.1] Stopping ProtocolHandler ["http-nio-8080"]
2025-12-18 22:51:11,920 INFO o.s.o.j.AbstractEntityManagerFactoryBean [RMI TCP Connection(11)-127.0.0.1] Closing JPA EntityManagerFactory for persistence unit 'default'
2025-12-18 22:51:11,927 INFO c.z.h.HikariDataSource [RMI TCP Connection(11)-127.0.0.1] HikariPool-1 - Shutdown initiated...
2025-12-18 22:51:11,930 INFO c.z.h.HikariDataSource [RMI TCP Connection(11)-127.0.0.1] HikariPool-1 - Shutdown completed.
2025-12-18 22:51:13,227 INFO o.h.v.i.u.Version [background-preinit] HV000001: Hibernate Validator 8.0.2.Final
2025-12-18 22:51:13,248 INFO o.s.b.StartupInfoLogger [restartedMain] Starting TailoraApplication using Java 17.0.1 with PID 8431 (/Userdisk/workspaces/P_Projects/Tailora/target/classes started by karunkumar in /Userdisk/workspaces/P_Projects/Tailora)
2025-12-18 22:51:13,249 INFO o.s.b.SpringApplication [restartedMain] The following 1 profile is active: "dev"
2025-12-18 22:51:13,269 INFO o.s.b.l.DeferredLog [restartedMain] Devtools property defaults active! Set 'spring.devtools.add-properties' to 'false' to disable
2025-12-18 22:51:13,270 INFO o.s.b.l.DeferredLog [restartedMain] For additional web related logging consider setting the 'logging.level.web' property to 'DEBUG'
2025-12-18 22:51:13,692 INFO o.s.d.r.c.RepositoryConfigurationDelegate [restartedMain] Bootstrapping Spring Data JPA repositories in DEFAULT mode.
2025-12-18 22:51:13,730 INFO o.s.d.r.c.RepositoryConfigurationDelegate [restartedMain] Finished Spring Data repository scanning in 32 ms. Found 7 JPA repository interfaces.
2025-12-18 22:51:14,073 INFO o.s.b.w.e.t.TomcatWebServer [restartedMain] Tomcat initialized with port 8080 (http)
2025-12-18 22:51:14,079 INFO o.a.j.l.DirectJDKLog [restartedMain] Initializing ProtocolHandler ["http-nio-8080"]
2025-12-18 22:51:14,080 INFO o.a.j.l.DirectJDKLog [restartedMain] Starting service [Tomcat]
2025-12-18 22:51:14,081 INFO o.a.j.l.DirectJDKLog [restartedMain] Starting Servlet engine: [Apache Tomcat/10.1.40]
2025-12-18 22:51:14,104 INFO o.a.j.l.DirectJDKLog [restartedMain] Initializing Spring embedded WebApplicationContext
2025-12-18 22:51:14,104 INFO o.s.b.w.s.c.ServletWebServerApplicationContext [restartedMain] Root WebApplicationContext: initialization completed in 834 ms
2025-12-18 22:51:14,183 INFO o.h.j.i.u.LogHelper [restartedMain] HHH000204: Processing PersistenceUnitInfo [name: default]
2025-12-18 22:51:14,205 INFO o.h.Version [restartedMain] HHH000412: Hibernate ORM core version 6.6.13.Final
2025-12-18 22:51:14,220 INFO o.h.c.i.RegionFactoryInitiator [restartedMain] HHH000026: Second-level cache disabled
2025-12-18 22:51:14,338 INFO o.s.o.j.p.SpringPersistenceUnitInfo [restartedMain] No LoadTimeWeaver setup: ignoring JPA class transformer
2025-12-18 22:51:14,351 INFO c.z.h.HikariDataSource [restartedMain] HikariPool-1 - Starting...
2025-12-18 22:51:14,465 INFO c.z.h.p.HikariPool [restartedMain] HikariPool-1 - Added connection conn0: url=jdbc:h2:file:/Userdisk/workspaces/P_Projects/Tailora/src/main/resources/tailora_db user=ROOT
2025-12-18 22:51:14,467 INFO c.z.h.HikariDataSource [restartedMain] HikariPool-1 - Start completed.
2025-12-18 22:51:14,478 WARN o.h.e.j.d.i.DialectFactoryImpl [restartedMain] HHH90000025: H2Dialect does not need to be specified explicitly using 'hibernate.dialect' (remove the property setting and it will be selected by default)
2025-12-18 22:51:14,490 INFO o.h.e.j.e.i.JdbcEnvironmentInitiator [restartedMain] HHH10001005: Database info:
	Database JDBC URL [Connecting through datasource 'HikariDataSource (HikariPool-1)']
	Database driver: undefined/unknown
	Database version: 2.3.232
	Autocommit mode: undefined/unknown
	Isolation level: undefined/unknown
	Minimum pool size: undefined/unknown
	Maximum pool size: undefined/unknown
2025-12-18 22:51:15,018 INFO o.h.e.t.j.p.i.JtaPlatformInitiator [restartedMain] HHH000489: No JTA platform available (set 'hibernate.transaction.jta.platform' to enable JTA platform integration)
2025-12-18 22:51:15,041 INFO o.s.o.j.AbstractEntityManagerFactoryBean [restartedMain] Initialized JPA EntityManagerFactory for persistence unit 'default'
2025-12-18 22:51:15,257 INFO o.s.d.j.r.q.QueryEnhancerFactory [restartedMain] Hibernate is in classpath; If applicable, HQL parser will be used.
2025-12-18 22:51:15,508 INFO o.s.s.c.a.a.c.InitializeAuthenticationProviderBeanManagerConfigurer$InitializeAuthenticationProviderManagerConfigurer [restartedMain] Global AuthenticationManager configured with AuthenticationProvider bean with name authenticationProvider
2025-12-18 22:51:15,509 WARN o.s.s.c.a.a.c.InitializeUserDetailsBeanManagerConfigurer$InitializeUserDetailsManagerConfigurer [restartedMain] Global AuthenticationManager configured with an AuthenticationProvider bean. UserDetailsService beans will not be used by Spring Security for automatically configuring username/password login. Consider removing the AuthenticationProvider bean. Alternatively, consider using the UserDetailsService in a manually instantiated DaoAuthenticationProvider. If the current configuration is intentional, to turn off this warning, increase the logging level of 'org.springframework.security.config.annotation.authentication.configuration.InitializeUserDetailsBeanManagerConfigurer' to ERROR
2025-12-18 22:51:15,607 WARN o.s.b.a.o.j.JpaBaseConfiguration$JpaWebConfiguration [restartedMain] spring.jpa.open-in-view is enabled by default. Therefore, database queries may be performed during view rendering. Explicitly configure spring.jpa.open-in-view to disable this warning
2025-12-18 22:51:15,931 INFO o.s.b.a.h.H2ConsoleAutoConfiguration$H2ConsoleLogger [restartedMain] H2 console available at '/h2-console'. Database available at 'jdbc:h2:file:/Userdisk/workspaces/P_Projects/Tailora/src/main/resources/tailora_db'
2025-12-18 22:51:15,958 WARN o.s.s.c.a.w.b.WebSecurity [restartedMain] You are asking Spring Security to ignore Ant [pattern='/h2-console/**']. This is not recommended -- please use permitAll via HttpSecurity#authorizeHttpRequests instead.
2025-12-18 22:51:15,991 INFO o.s.b.d.a.OptionalLiveReloadServer [restartedMain] LiveReload server is running on port 35729
2025-12-18 22:51:16,007 INFO o.a.j.l.DirectJDKLog [restartedMain] Starting ProtocolHandler ["http-nio-8080"]
2025-12-18 22:51:16,015 INFO o.s.b.w.e.t.TomcatWebServer [restartedMain] Tomcat started on port 8080 (http) with context path '/'
2025-12-18 22:51:16,025 INFO o.s.b.StartupInfoLogger [restartedMain] Started TailoraApplication in 3.056 seconds (process running for 3.388)
2025-12-18 22:51:19,731 INFO o.a.j.l.DirectJDKLog [http-nio-8080-exec-2] Initializing Spring DispatcherServlet 'dispatcherServlet'
2025-12-18 22:51:19,732 INFO o.s.w.s.FrameworkServlet [http-nio-8080-exec-2] Initializing Servlet 'dispatcherServlet'
2025-12-18 22:51:19,734 INFO o.s.w.s.FrameworkServlet [http-nio-8080-exec-2] Completed initialization in 2 ms
2025-12-18 22:51:19,814 INFO c.t.c.AuthenticationController [http-nio-8080-exec-2] <------ AuthenticationController : verifyOtpForRegister (BEGIN) ------>
2025-12-18 22:51:19,824 INFO c.t.c.AuthenticationController [http-nio-8080-exec-2] user's tracking id is : 123e4567-e89b-12d3-a456-426614174000
2025-12-18 22:51:19,876 INFO c.t.s.UserLoginProfileServiceImpl [http-nio-8080-exec-2] <------ UserLoginProfileServiceImpl : verifyOtpForRegister (BEGIN) with request => OtpEntityDto(email=john.doe@example.com, otp=198876, description=null) ------>
2025-12-18 22:51:19,879 INFO c.t.s.UserLoginProfileServiceImpl [http-nio-8080-exec-2] <------ UserLoginProfileServiceImpl : verifyOtpForRegister (FAILED) ----->
2025-12-18 22:51:19,879 INFO c.t.c.AuthenticationController [http-nio-8080-exec-2] <------ AuthenticationController : verifyOtpForRegister (FAILED) ------>
2025-12-18 22:51:52,503 INFO o.s.b.a.SpringApplicationAdminMXBeanRegistrar$SpringApplicationAdmin [RMI TCP Connection(3)-127.0.0.1] Application shutdown requested.
2025-12-18 22:51:52,508 INFO o.s.b.w.e.t.GracefulShutdown [RMI TCP Connection(3)-127.0.0.1] Commencing graceful shutdown. Waiting for active requests to complete
2025-12-18 22:51:52,510 INFO o.a.j.l.DirectJDKLog [tomcat-shutdown] Pausing ProtocolHandler ["http-nio-8080"]
2025-12-18 22:51:52,515 INFO o.s.b.w.e.t.GracefulShutdown [tomcat-shutdown] Graceful shutdown complete
2025-12-18 22:51:52,516 INFO o.a.j.l.DirectJDKLog [RMI TCP Connection(3)-127.0.0.1] Stopping ProtocolHandler ["http-nio-8080"]
2025-12-18 22:51:52,529 INFO o.s.o.j.AbstractEntityManagerFactoryBean [RMI TCP Connection(3)-127.0.0.1] Closing JPA EntityManagerFactory for persistence unit 'default'
2025-12-18 22:51:52,535 INFO c.z.h.HikariDataSource [RMI TCP Connection(3)-127.0.0.1] HikariPool-1 - Shutdown initiated...
2025-12-18 22:51:52,604 INFO c.z.h.HikariDataSource [RMI TCP Connection(3)-127.0.0.1] HikariPool-1 - Shutdown completed.
2025-12-18 22:51:53,721 INFO o.h.v.i.u.Version [background-preinit] HV000001: Hibernate Validator 8.0.2.Final
2025-12-18 22:51:53,748 INFO o.s.b.StartupInfoLogger [restartedMain] Starting TailoraApplication using Java 17.0.1 with PID 8541 (/Userdisk/workspaces/P_Projects/Tailora/target/classes started by karunkumar in /Userdisk/workspaces/P_Projects/Tailora)
2025-12-18 22:51:53,749 INFO o.s.b.SpringApplication [restartedMain] The following 1 profile is active: "dev"
2025-12-18 22:51:53,776 INFO o.s.b.l.DeferredLog [restartedMain] Devtools property defaults active! Set 'spring.devtools.add-properties' to 'false' to disable
2025-12-18 22:51:53,777 INFO o.s.b.l.DeferredLog [restartedMain] For additional web related logging consider setting the 'logging.level.web' property to 'DEBUG'
2025-12-18 22:51:54,237 INFO o.s.d.r.c.RepositoryConfigurationDelegate [restartedMain] Bootstrapping Spring Data JPA repositories in DEFAULT mode.
2025-12-18 22:51:54,274 INFO o.s.d.r.c.RepositoryConfigurationDelegate [restartedMain] Finished Spring Data repository scanning in 31 ms. Found 7 JPA repository interfaces.
2025-12-18 22:51:54,580 INFO o.s.b.w.e.t.TomcatWebServer [restartedMain] Tomcat initialized with port 8080 (http)
2025-12-18 22:51:54,586 INFO o.a.j.l.DirectJDKLog [restartedMain] Initializing ProtocolHandler ["http-nio-8080"]
2025-12-18 22:51:54,587 INFO o.a.j.l.DirectJDKLog [restartedMain] Starting service [Tomcat]
2025-12-18 22:51:54,587 INFO o.a.j.l.DirectJDKLog [restartedMain] Starting Servlet engine: [Apache Tomcat/10.1.40]
2025-12-18 22:51:54,610 INFO o.a.j.l.DirectJDKLog [restartedMain] Initializing Spring embedded WebApplicationContext
2025-12-18 22:51:54,611 INFO o.s.b.w.s.c.ServletWebServerApplicationContext [restartedMain] Root WebApplicationContext: initialization completed in 833 ms
2025-12-18 22:51:54,686 INFO o.h.j.i.u.LogHelper [restartedMain] HHH000204: Processing PersistenceUnitInfo [name: default]
2025-12-18 22:51:54,710 INFO o.h.Version [restartedMain] HHH000412: Hibernate ORM core version 6.6.13.Final
2025-12-18 22:51:54,726 INFO o.h.c.i.RegionFactoryInitiator [restartedMain] HHH000026: Second-level cache disabled
2025-12-18 22:51:54,839 INFO o.s.o.j.p.SpringPersistenceUnitInfo [restartedMain] No LoadTimeWeaver setup: ignoring JPA class transformer
2025-12-18 22:51:54,853 INFO c.z.h.HikariDataSource [restartedMain] HikariPool-1 - Starting...
2025-12-18 22:51:54,966 INFO c.z.h.p.HikariPool [restartedMain] HikariPool-1 - Added connection conn0: url=jdbc:h2:file:/Userdisk/workspaces/P_Projects/Tailora/src/main/resources/tailora_db user=ROOT
2025-12-18 22:51:54,967 INFO c.z.h.HikariDataSource [restartedMain] HikariPool-1 - Start completed.
2025-12-18 22:51:54,979 WARN o.h.e.j.d.i.DialectFactoryImpl [restartedMain] HHH90000025: H2Dialect does not need to be specified explicitly using 'hibernate.dialect' (remove the property setting and it will be selected by default)
2025-12-18 22:51:54,990 INFO o.h.e.j.e.i.JdbcEnvironmentInitiator [restartedMain] HHH10001005: Database info:
	Database JDBC URL [Connecting through datasource 'HikariDataSource (HikariPool-1)']
	Database driver: undefined/unknown
	Database version: 2.3.232
	Autocommit mode: undefined/unknown
	Isolation level: undefined/unknown
	Minimum pool size: undefined/unknown
	Maximum pool size: undefined/unknown
2025-12-18 22:51:55,583 INFO o.h.e.t.j.p.i.JtaPlatformInitiator [restartedMain] HHH000489: No JTA platform available (set 'hibernate.transaction.jta.platform' to enable JTA platform integration)
2025-12-18 22:51:55,609 INFO o.s.o.j.AbstractEntityManagerFactoryBean [restartedMain] Initialized JPA EntityManagerFactory for persistence unit 'default'
2025-12-18 22:51:55,848 INFO o.s.d.j.r.q.QueryEnhancerFactory [restartedMain] Hibernate is in classpath; If applicable, HQL parser will be used.
2025-12-18 22:51:56,129 INFO o.s.s.c.a.a.c.InitializeAuthenticationProviderBeanManagerConfigurer$InitializeAuthenticationProviderManagerConfigurer [restartedMain] Global AuthenticationManager configured with AuthenticationProvider bean with name authenticationProvider
2025-12-18 22:51:56,129 WARN o.s.s.c.a.a.c.InitializeUserDetailsBeanManagerConfigurer$InitializeUserDetailsManagerConfigurer [restartedMain] Global AuthenticationManager configured with an AuthenticationProvider bean. UserDetailsService beans will not be used by Spring Security for automatically configuring username/password login. Consider removing the AuthenticationProvider bean. Alternatively, consider using the UserDetailsService in a manually instantiated DaoAuthenticationProvider. If the current configuration is intentional, to turn off this warning, increase the logging level of 'org.springframework.security.config.annotation.authentication.configuration.InitializeUserDetailsBeanManagerConfigurer' to ERROR
2025-12-18 22:51:56,240 WARN o.s.b.a.o.j.JpaBaseConfiguration$JpaWebConfiguration [restartedMain] spring.jpa.open-in-view is enabled by default. Therefore, database queries may be performed during view rendering. Explicitly configure spring.jpa.open-in-view to disable this warning
2025-12-18 22:51:56,560 INFO o.s.b.a.h.H2ConsoleAutoConfiguration$H2ConsoleLogger [restartedMain] H2 console available at '/h2-console'. Database available at 'jdbc:h2:file:/Userdisk/workspaces/P_Projects/Tailora/src/main/resources/tailora_db'
2025-12-18 22:51:56,587 WARN o.s.s.c.a.w.b.WebSecurity [restartedMain] You are asking Spring Security to ignore Ant [pattern='/h2-console/**']. This is not recommended -- please use permitAll via HttpSecurity#authorizeHttpRequests instead.
2025-12-18 22:51:56,613 INFO o.s.b.d.a.OptionalLiveReloadServer [restartedMain] LiveReload server is running on port 35729
2025-12-18 22:51:56,628 INFO o.a.j.l.DirectJDKLog [restartedMain] Starting ProtocolHandler ["http-nio-8080"]
2025-12-18 22:51:56,637 INFO o.s.b.w.e.t.TomcatWebServer [restartedMain] Tomcat started on port 8080 (http) with context path '/'
2025-12-18 22:51:56,644 INFO o.s.b.StartupInfoLogger [restartedMain] Started TailoraApplication in 3.179 seconds (process running for 3.493)
2025-12-18 22:52:00,690 INFO o.a.j.l.DirectJDKLog [http-nio-8080-exec-5] Initializing Spring DispatcherServlet 'dispatcherServlet'
2025-12-18 22:52:00,691 INFO o.s.w.s.FrameworkServlet [http-nio-8080-exec-5] Initializing Servlet 'dispatcherServlet'
2025-12-18 22:52:00,695 INFO o.s.w.s.FrameworkServlet [http-nio-8080-exec-5] Completed initialization in 4 ms
2025-12-18 22:52:00,713 ERROR c.t.s.s.AuthEntryPointJwt [http-nio-8080-exec-5] Unauthorized error: Full authentication is required to access this resource
2025-12-18 22:52:02,407 ERROR c.t.s.s.AuthEntryPointJwt [http-nio-8080-exec-6] Unauthorized error: Full authentication is required to access this resource
2025-12-18 22:52:18,534 INFO c.t.c.AuthenticationController [http-nio-8080-exec-9] <------ AuthenticationController : register (BEGIN) ------>
2025-12-18 22:52:18,541 INFO c.t.c.AuthenticationController [http-nio-8080-exec-9] user's tracking id is : abcd1234-5678-90ef-ghij-klmnopqrstuv
2025-12-18 22:52:18,541 INFO c.t.s.UserLoginProfileServiceImpl [http-nio-8080-exec-9] <------ UserLoginProfileServiceImpl : register (BEGIN) with request => SignupRequest(username=john_dose, email=john.dose@example.com, password=SecureP@ss123, mobilenumber=9876543201) ------>
2025-12-18 22:52:18,622 INFO c.t.s.EmailServiceImpl [http-nio-8080-exec-9] <------ EmailServiceImpl : sendOtp (BEGIN) with request => EmailDto(toEmail=john.dose@example.com, body=null, subject=User ALready Added, Please re-try with this OTP) ------>
2025-12-18 22:52:18,659 INFO c.t.s.EmailServiceImpl [http-nio-8080-exec-9] <------ EmailServiceImpl : sendOtp otp => 388395 ------>
2025-12-18 22:52:18,660 INFO c.t.s.OtpEntityServiceImpl [http-nio-8080-exec-9] <------ OtpEntityServiceImpl : saveOtp (BEGIN) with request => OtpEntity(email=john.dose@example.com, otp=388395, description=User ALready Added, Please re-try with this OTP) ------>
2025-12-18 22:52:18,662 INFO c.t.s.OtpEntityServiceImpl [http-nio-8080-exec-9] <------ OtpEntityServiceImpl : saveOtp (END) ------>
2025-12-18 22:52:29,071 INFO c.t.s.EmailServiceImpl [http-nio-8080-exec-9] <------ EmailServiceImpl : sendOtp (SUCCESS) ------>
2025-12-18 22:52:29,072 INFO c.t.s.UserLoginProfileServiceImpl [http-nio-8080-exec-9] <------ UserLoginProfileServiceImpl : register (END) ----->
2025-12-18 22:52:29,076 INFO c.t.c.AuthenticationController [http-nio-8080-exec-9] <------ AuthenticationController : register (END) ------>
2025-12-18 22:52:48,847 INFO c.t.c.AuthenticationController [http-nio-8080-exec-3] <------ AuthenticationController : verifyOtpForRegister (BEGIN) ------>
2025-12-18 22:52:48,849 INFO c.t.c.AuthenticationController [http-nio-8080-exec-3] user's tracking id is : 123e4567-e89b-12d3-a456-426614174000
2025-12-18 22:52:48,852 INFO c.t.s.UserLoginProfileServiceImpl [http-nio-8080-exec-3] <------ UserLoginProfileServiceImpl : verifyOtpForRegister (BEGIN) with request => OtpEntityDto(email=john.doe@example.com, otp=388395, description=null) ------>
2025-12-18 22:52:48,855 INFO c.t.s.UserLoginProfileServiceImpl [http-nio-8080-exec-3] <------ UserLoginProfileServiceImpl : verifyOtpForRegister (FAILED) ----->
2025-12-18 22:52:48,856 INFO c.t.c.AuthenticationController [http-nio-8080-exec-3] <------ AuthenticationController : verifyOtpForRegister (FAILED) ------>
2025-12-18 22:55:18,069 INFO o.s.b.a.SpringApplicationAdminMXBeanRegistrar$SpringApplicationAdmin [RMI TCP Connection(7)-127.0.0.1] Application shutdown requested.
2025-12-18 22:55:18,074 INFO o.s.b.w.e.t.GracefulShutdown [RMI TCP Connection(7)-127.0.0.1] Commencing graceful shutdown. Waiting for active requests to complete
2025-12-18 22:55:18,076 INFO o.a.j.l.DirectJDKLog [tomcat-shutdown] Pausing ProtocolHandler ["http-nio-8080"]
2025-12-18 22:55:18,078 INFO o.s.b.w.e.t.GracefulShutdown [tomcat-shutdown] Graceful shutdown complete
2025-12-18 22:55:18,079 INFO o.a.j.l.DirectJDKLog [RMI TCP Connection(7)-127.0.0.1] Stopping ProtocolHandler ["http-nio-8080"]
2025-12-18 22:55:18,088 INFO o.s.o.j.AbstractEntityManagerFactoryBean [RMI TCP Connection(7)-127.0.0.1] Closing JPA EntityManagerFactory for persistence unit 'default'
2025-12-18 22:55:18,092 INFO c.z.h.HikariDataSource [RMI TCP Connection(7)-127.0.0.1] HikariPool-1 - Shutdown initiated...
2025-12-18 22:55:18,095 INFO c.z.h.HikariDataSource [RMI TCP Connection(7)-127.0.0.1] HikariPool-1 - Shutdown completed.
2025-12-18 22:55:19,354 INFO o.h.v.i.u.Version [background-preinit] HV000001: Hibernate Validator 8.0.2.Final
2025-12-18 22:55:19,394 INFO o.s.b.StartupInfoLogger [restartedMain] Starting TailoraApplication using Java 17.0.1 with PID 8918 (/Userdisk/workspaces/P_Projects/Tailora/target/classes started by karunkumar in /Userdisk/workspaces/P_Projects/Tailora)
2025-12-18 22:55:19,395 INFO o.s.b.SpringApplication [restartedMain] The following 1 profile is active: "dev"
2025-12-18 22:55:19,437 INFO o.s.b.l.DeferredLog [restartedMain] Devtools property defaults active! Set 'spring.devtools.add-properties' to 'false' to disable
2025-12-18 22:55:19,437 INFO o.s.b.l.DeferredLog [restartedMain] For additional web related logging consider setting the 'logging.level.web' property to 'DEBUG'
2025-12-18 22:55:19,945 INFO o.s.d.r.c.RepositoryConfigurationDelegate [restartedMain] Bootstrapping Spring Data JPA repositories in DEFAULT mode.
2025-12-18 22:55:19,996 INFO o.s.d.r.c.RepositoryConfigurationDelegate [restartedMain] Finished Spring Data repository scanning in 45 ms. Found 7 JPA repository interfaces.
2025-12-18 22:55:20,366 INFO o.s.b.w.e.t.TomcatWebServer [restartedMain] Tomcat initialized with port 8080 (http)
2025-12-18 22:55:20,372 INFO o.a.j.l.DirectJDKLog [restartedMain] Initializing ProtocolHandler ["http-nio-8080"]
2025-12-18 22:55:20,373 INFO o.a.j.l.DirectJDKLog [restartedMain] Starting service [Tomcat]
2025-12-18 22:55:20,373 INFO o.a.j.l.DirectJDKLog [restartedMain] Starting Servlet engine: [Apache Tomcat/10.1.40]
2025-12-18 22:55:20,393 INFO o.a.j.l.DirectJDKLog [restartedMain] Initializing Spring embedded WebApplicationContext
2025-12-18 22:55:20,394 INFO o.s.b.w.s.c.ServletWebServerApplicationContext [restartedMain] Root WebApplicationContext: initialization completed in 957 ms
2025-12-18 22:55:20,466 INFO o.h.j.i.u.LogHelper [restartedMain] HHH000204: Processing PersistenceUnitInfo [name: default]
2025-12-18 22:55:20,488 INFO o.h.Version [restartedMain] HHH000412: Hibernate ORM core version 6.6.13.Final
2025-12-18 22:55:20,503 INFO o.h.c.i.RegionFactoryInitiator [restartedMain] HHH000026: Second-level cache disabled
2025-12-18 22:55:20,616 INFO o.s.o.j.p.SpringPersistenceUnitInfo [restartedMain] No LoadTimeWeaver setup: ignoring JPA class transformer
2025-12-18 22:55:20,631 INFO c.z.h.HikariDataSource [restartedMain] HikariPool-1 - Starting...
2025-12-18 22:55:20,744 INFO c.z.h.p.HikariPool [restartedMain] HikariPool-1 - Added connection conn0: url=jdbc:h2:file:/Userdisk/workspaces/P_Projects/Tailora/src/main/resources/tailora_db user=ROOT
2025-12-18 22:55:20,745 INFO c.z.h.HikariDataSource [restartedMain] HikariPool-1 - Start completed.
2025-12-18 22:55:20,757 WARN o.h.e.j.d.i.DialectFactoryImpl [restartedMain] HHH90000025: H2Dialect does not need to be specified explicitly using 'hibernate.dialect' (remove the property setting and it will be selected by default)
2025-12-18 22:55:20,769 INFO o.h.e.j.e.i.JdbcEnvironmentInitiator [restartedMain] HHH10001005: Database info:
	Database JDBC URL [Connecting through datasource 'HikariDataSource (HikariPool-1)']
	Database driver: undefined/unknown
	Database version: 2.3.232
	Autocommit mode: undefined/unknown
	Isolation level: undefined/unknown
	Minimum pool size: undefined/unknown
	Maximum pool size: undefined/unknown
2025-12-18 22:55:21,380 INFO o.h.e.t.j.p.i.JtaPlatformInitiator [restartedMain] HHH000489: No JTA platform available (set 'hibernate.transaction.jta.platform' to enable JTA platform integration)
2025-12-18 22:55:21,415 INFO o.s.o.j.AbstractEntityManagerFactoryBean [restartedMain] Initialized JPA EntityManagerFactory for persistence unit 'default'
2025-12-18 22:55:21,643 INFO o.s.d.j.r.q.QueryEnhancerFactory [restartedMain] Hibernate is in classpath; If applicable, HQL parser will be used.
2025-12-18 22:55:21,911 INFO o.s.s.c.a.a.c.InitializeAuthenticationProviderBeanManagerConfigurer$InitializeAuthenticationProviderManagerConfigurer [restartedMain] Global AuthenticationManager configured with AuthenticationProvider bean with name authenticationProvider
2025-12-18 22:55:21,912 WARN o.s.s.c.a.a.c.InitializeUserDetailsBeanManagerConfigurer$InitializeUserDetailsManagerConfigurer [restartedMain] Global AuthenticationManager configured with an AuthenticationProvider bean. UserDetailsService beans will not be used by Spring Security for automatically configuring username/password login. Consider removing the AuthenticationProvider bean. Alternatively, consider using the UserDetailsService in a manually instantiated DaoAuthenticationProvider. If the current configuration is intentional, to turn off this warning, increase the logging level of 'org.springframework.security.config.annotation.authentication.configuration.InitializeUserDetailsBeanManagerConfigurer' to ERROR
2025-12-18 22:55:22,012 WARN o.s.b.a.o.j.JpaBaseConfiguration$JpaWebConfiguration [restartedMain] spring.jpa.open-in-view is enabled by default. Therefore, database queries may be performed during view rendering. Explicitly configure spring.jpa.open-in-view to disable this warning
2025-12-18 22:55:22,357 INFO o.s.b.a.h.H2ConsoleAutoConfiguration$H2ConsoleLogger [restartedMain] H2 console available at '/h2-console'. Database available at 'jdbc:h2:file:/Userdisk/workspaces/P_Projects/Tailora/src/main/resources/tailora_db'
2025-12-18 22:55:22,387 WARN o.s.s.c.a.w.b.WebSecurity [restartedMain] You are asking Spring Security to ignore Ant [pattern='/h2-console/**']. This is not recommended -- please use permitAll via HttpSecurity#authorizeHttpRequests instead.
2025-12-18 22:55:22,416 INFO o.s.b.d.a.OptionalLiveReloadServer [restartedMain] LiveReload server is running on port 35729
2025-12-18 22:55:22,432 INFO o.a.j.l.DirectJDKLog [restartedMain] Starting ProtocolHandler ["http-nio-8080"]
2025-12-18 22:55:22,441 INFO o.s.b.w.e.t.TomcatWebServer [restartedMain] Tomcat started on port 8080 (http) with context path '/'
2025-12-18 22:55:22,450 INFO o.s.b.StartupInfoLogger [restartedMain] Started TailoraApplication in 3.352 seconds (process running for 3.744)
2025-12-18 22:55:33,990 INFO o.a.j.l.DirectJDKLog [http-nio-8080-exec-2] Initializing Spring DispatcherServlet 'dispatcherServlet'
2025-12-18 22:55:33,990 INFO o.s.w.s.FrameworkServlet [http-nio-8080-exec-2] Initializing Servlet 'dispatcherServlet'
2025-12-18 22:55:33,992 INFO o.s.w.s.FrameworkServlet [http-nio-8080-exec-2] Completed initialization in 2 ms
2025-12-18 22:55:34,079 INFO c.t.c.AuthenticationController [http-nio-8080-exec-2] <------ AuthenticationController : verifyOtpForRegister (BEGIN) ------>
2025-12-18 22:55:34,090 INFO c.t.c.AuthenticationController [http-nio-8080-exec-2] user's tracking id is : 123e4567-e89b-12d3-a456-426614174000
2025-12-18 22:55:34,138 INFO c.t.s.UserLoginProfileServiceImpl [http-nio-8080-exec-2] <------ UserLoginProfileServiceImpl : verifyOtpForRegister (BEGIN) with request => OtpEntityDto(email=john.doe@example.com, otp=388395, description=null) ------>
2025-12-18 22:55:34,140 INFO c.t.s.UserLoginProfileServiceImpl [http-nio-8080-exec-2] <------ UserLoginProfileServiceImpl : verifyOtpForRegister (FAILED) ----->
2025-12-18 22:55:34,141 INFO c.t.c.AuthenticationController [http-nio-8080-exec-2] <------ AuthenticationController : verifyOtpForRegister (FAILED) ------>
2025-12-18 22:56:18,709 INFO o.s.b.a.SpringApplicationAdminMXBeanRegistrar$SpringApplicationAdmin [RMI TCP Connection(3)-127.0.0.1] Application shutdown requested.
2025-12-18 22:56:18,714 INFO o.s.b.w.e.t.GracefulShutdown [RMI TCP Connection(3)-127.0.0.1] Commencing graceful shutdown. Waiting for active requests to complete
2025-12-18 22:56:18,716 INFO o.a.j.l.DirectJDKLog [tomcat-shutdown] Pausing ProtocolHandler ["http-nio-8080"]
2025-12-18 22:56:18,721 INFO o.s.b.w.e.t.GracefulShutdown [tomcat-shutdown] Graceful shutdown complete
2025-12-18 22:56:18,723 INFO o.a.j.l.DirectJDKLog [RMI TCP Connection(3)-127.0.0.1] Stopping ProtocolHandler ["http-nio-8080"]
2025-12-18 22:56:18,733 INFO o.s.o.j.AbstractEntityManagerFactoryBean [RMI TCP Connection(3)-127.0.0.1] Closing JPA EntityManagerFactory for persistence unit 'default'
2025-12-18 22:56:18,736 INFO c.z.h.HikariDataSource [RMI TCP Connection(3)-127.0.0.1] HikariPool-1 - Shutdown initiated...
2025-12-18 22:56:18,805 INFO c.z.h.HikariDataSource [RMI TCP Connection(3)-127.0.0.1] HikariPool-1 - Shutdown completed.
2025-12-18 22:56:19,936 INFO o.h.v.i.u.Version [background-preinit] HV000001: Hibernate Validator 8.0.2.Final
2025-12-18 22:56:19,961 INFO o.s.b.StartupInfoLogger [restartedMain] Starting TailoraApplication using Java 17.0.1 with PID 9040 (/Userdisk/workspaces/P_Projects/Tailora/target/classes started by karunkumar in /Userdisk/workspaces/P_Projects/Tailora)
2025-12-18 22:56:19,962 INFO o.s.b.SpringApplication [restartedMain] The following 1 profile is active: "dev"
2025-12-18 22:56:19,983 INFO o.s.b.l.DeferredLog [restartedMain] Devtools property defaults active! Set 'spring.devtools.add-properties' to 'false' to disable
2025-12-18 22:56:19,983 INFO o.s.b.l.DeferredLog [restartedMain] For additional web related logging consider setting the 'logging.level.web' property to 'DEBUG'
2025-12-18 22:56:20,421 INFO o.s.d.r.c.RepositoryConfigurationDelegate [restartedMain] Bootstrapping Spring Data JPA repositories in DEFAULT mode.
2025-12-18 22:56:20,459 INFO o.s.d.r.c.RepositoryConfigurationDelegate [restartedMain] Finished Spring Data repository scanning in 33 ms. Found 7 JPA repository interfaces.
2025-12-18 22:56:20,789 INFO o.s.b.w.e.t.TomcatWebServer [restartedMain] Tomcat initialized with port 8080 (http)
2025-12-18 22:56:20,795 INFO o.a.j.l.DirectJDKLog [restartedMain] Initializing ProtocolHandler ["http-nio-8080"]
2025-12-18 22:56:20,796 INFO o.a.j.l.DirectJDKLog [restartedMain] Starting service [Tomcat]
2025-12-18 22:56:20,796 INFO o.a.j.l.DirectJDKLog [restartedMain] Starting Servlet engine: [Apache Tomcat/10.1.40]
2025-12-18 22:56:20,818 INFO o.a.j.l.DirectJDKLog [restartedMain] Initializing Spring embedded WebApplicationContext
2025-12-18 22:56:20,818 INFO o.s.b.w.s.c.ServletWebServerApplicationContext [restartedMain] Root WebApplicationContext: initialization completed in 835 ms
2025-12-18 22:56:20,912 INFO o.h.j.i.u.LogHelper [restartedMain] HHH000204: Processing PersistenceUnitInfo [name: default]
2025-12-18 22:56:20,956 INFO o.h.Version [restartedMain] HHH000412: Hibernate ORM core version 6.6.13.Final
2025-12-18 22:56:20,974 INFO o.h.c.i.RegionFactoryInitiator [restartedMain] HHH000026: Second-level cache disabled
2025-12-18 22:56:21,096 INFO o.s.o.j.p.SpringPersistenceUnitInfo [restartedMain] No LoadTimeWeaver setup: ignoring JPA class transformer
2025-12-18 22:56:21,111 INFO c.z.h.HikariDataSource [restartedMain] HikariPool-1 - Starting...
2025-12-18 22:56:21,222 INFO c.z.h.p.HikariPool [restartedMain] HikariPool-1 - Added connection conn0: url=jdbc:h2:file:/Userdisk/workspaces/P_Projects/Tailora/src/main/resources/tailora_db user=ROOT
2025-12-18 22:56:21,223 INFO c.z.h.HikariDataSource [restartedMain] HikariPool-1 - Start completed.
2025-12-18 22:56:21,235 WARN o.h.e.j.d.i.DialectFactoryImpl [restartedMain] HHH90000025: H2Dialect does not need to be specified explicitly using 'hibernate.dialect' (remove the property setting and it will be selected by default)
2025-12-18 22:56:21,246 INFO o.h.e.j.e.i.JdbcEnvironmentInitiator [restartedMain] HHH10001005: Database info:
	Database JDBC URL [Connecting through datasource 'HikariDataSource (HikariPool-1)']
	Database driver: undefined/unknown
	Database version: 2.3.232
	Autocommit mode: undefined/unknown
	Isolation level: undefined/unknown
	Minimum pool size: undefined/unknown
	Maximum pool size: undefined/unknown
2025-12-18 22:56:21,787 INFO o.h.e.t.j.p.i.JtaPlatformInitiator [restartedMain] HHH000489: No JTA platform available (set 'hibernate.transaction.jta.platform' to enable JTA platform integration)
2025-12-18 22:56:21,813 INFO o.s.o.j.AbstractEntityManagerFactoryBean [restartedMain] Initialized JPA EntityManagerFactory for persistence unit 'default'
2025-12-18 22:56:22,055 INFO o.s.d.j.r.q.QueryEnhancerFactory [restartedMain] Hibernate is in classpath; If applicable, HQL parser will be used.
2025-12-18 22:56:22,310 INFO o.s.s.c.a.a.c.InitializeAuthenticationProviderBeanManagerConfigurer$InitializeAuthenticationProviderManagerConfigurer [restartedMain] Global AuthenticationManager configured with AuthenticationProvider bean with name authenticationProvider
2025-12-18 22:56:22,311 WARN o.s.s.c.a.a.c.InitializeUserDetailsBeanManagerConfigurer$InitializeUserDetailsManagerConfigurer [restartedMain] Global AuthenticationManager configured with an AuthenticationProvider bean. UserDetailsService beans will not be used by Spring Security for automatically configuring username/password login. Consider removing the AuthenticationProvider bean. Alternatively, consider using the UserDetailsService in a manually instantiated DaoAuthenticationProvider. If the current configuration is intentional, to turn off this warning, increase the logging level of 'org.springframework.security.config.annotation.authentication.configuration.InitializeUserDetailsBeanManagerConfigurer' to ERROR
2025-12-18 22:56:22,404 WARN o.s.b.a.o.j.JpaBaseConfiguration$JpaWebConfiguration [restartedMain] spring.jpa.open-in-view is enabled by default. Therefore, database queries may be performed during view rendering. Explicitly configure spring.jpa.open-in-view to disable this warning
2025-12-18 22:56:22,729 INFO o.s.b.a.h.H2ConsoleAutoConfiguration$H2ConsoleLogger [restartedMain] H2 console available at '/h2-console'. Database available at 'jdbc:h2:file:/Userdisk/workspaces/P_Projects/Tailora/src/main/resources/tailora_db'
2025-12-18 22:56:22,758 WARN o.s.s.c.a.w.b.WebSecurity [restartedMain] You are asking Spring Security to ignore Ant [pattern='/h2-console/**']. This is not recommended -- please use permitAll via HttpSecurity#authorizeHttpRequests instead.
2025-12-18 22:56:22,783 INFO o.s.b.d.a.OptionalLiveReloadServer [restartedMain] LiveReload server is running on port 35729
2025-12-18 22:56:22,797 INFO o.a.j.l.DirectJDKLog [restartedMain] Starting ProtocolHandler ["http-nio-8080"]
2025-12-18 22:56:22,804 INFO o.s.b.w.e.t.TomcatWebServer [restartedMain] Tomcat started on port 8080 (http) with context path '/'
2025-12-18 22:56:22,811 INFO o.s.b.StartupInfoLogger [restartedMain] Started TailoraApplication in 3.098 seconds (process running for 3.462)
2025-12-18 22:56:28,731 INFO o.a.j.l.DirectJDKLog [http-nio-8080-exec-2] Initializing Spring DispatcherServlet 'dispatcherServlet'
2025-12-18 22:56:28,732 INFO o.s.w.s.FrameworkServlet [http-nio-8080-exec-2] Initializing Servlet 'dispatcherServlet'
2025-12-18 22:56:28,733 INFO o.s.w.s.FrameworkServlet [http-nio-8080-exec-2] Completed initialization in 1 ms
2025-12-18 22:56:28,837 INFO c.t.c.AuthenticationController [http-nio-8080-exec-2] <------ AuthenticationController : verifyOtpForRegister (BEGIN) ------>
2025-12-18 22:56:28,843 INFO c.t.c.AuthenticationController [http-nio-8080-exec-2] user's tracking id is : 123e4567-e89b-12d3-a456-426614174000
2025-12-18 22:56:28,889 INFO c.t.s.UserLoginProfileServiceImpl [http-nio-8080-exec-2] <------ UserLoginProfileServiceImpl : verifyOtpForRegister (BEGIN) with request => OtpEntityDto(email=john.doe@example.com, otp=388395, description=null) ------>
2025-12-18 22:56:28,892 INFO c.t.s.UserLoginProfileServiceImpl [http-nio-8080-exec-2] <------ UserLoginProfileServiceImpl : verifyOtpForRegister (FAILED) ----->
2025-12-18 22:56:28,892 INFO c.t.c.AuthenticationController [http-nio-8080-exec-2] <------ AuthenticationController : verifyOtpForRegister (FAILED) ------>
2025-12-18 22:56:57,785 INFO o.s.b.a.SpringApplicationAdminMXBeanRegistrar$SpringApplicationAdmin [RMI TCP Connection(4)-127.0.0.1] Application shutdown requested.
2025-12-18 22:56:57,791 INFO o.s.b.w.e.t.GracefulShutdown [RMI TCP Connection(4)-127.0.0.1] Commencing graceful shutdown. Waiting for active requests to complete
2025-12-18 22:56:57,794 INFO o.a.j.l.DirectJDKLog [tomcat-shutdown] Pausing ProtocolHandler ["http-nio-8080"]
2025-12-18 22:56:57,797 INFO o.s.b.w.e.t.GracefulShutdown [tomcat-shutdown] Graceful shutdown complete
2025-12-18 22:56:57,798 INFO o.a.j.l.DirectJDKLog [RMI TCP Connection(4)-127.0.0.1] Stopping ProtocolHandler ["http-nio-8080"]
2025-12-18 22:56:57,807 INFO o.s.o.j.AbstractEntityManagerFactoryBean [RMI TCP Connection(4)-127.0.0.1] Closing JPA EntityManagerFactory for persistence unit 'default'
2025-12-18 22:56:57,812 INFO c.z.h.HikariDataSource [RMI TCP Connection(4)-127.0.0.1] HikariPool-1 - Shutdown initiated...
2025-12-18 22:56:57,896 INFO c.z.h.HikariDataSource [RMI TCP Connection(4)-127.0.0.1] HikariPool-1 - Shutdown completed.
2025-12-18 22:57:01,972 INFO o.h.v.i.u.Version [background-preinit] HV000001: Hibernate Validator 8.0.2.Final
2025-12-18 22:57:02,008 INFO o.s.b.StartupInfoLogger [restartedMain] Starting TailoraApplication using Java 17.0.1 with PID 9141 (/Userdisk/workspaces/P_Projects/Tailora/target/classes started by karunkumar in /Userdisk/workspaces/P_Projects/Tailora)
2025-12-18 22:57:02,008 INFO o.s.b.SpringApplication [restartedMain] The following 1 profile is active: "dev"
2025-12-18 22:57:02,030 INFO o.s.b.l.DeferredLog [restartedMain] Devtools property defaults active! Set 'spring.devtools.add-properties' to 'false' to disable
2025-12-18 22:57:02,030 INFO o.s.b.l.DeferredLog [restartedMain] For additional web related logging consider setting the 'logging.level.web' property to 'DEBUG'
2025-12-18 22:57:02,599 INFO o.s.d.r.c.RepositoryConfigurationDelegate [restartedMain] Bootstrapping Spring Data JPA repositories in DEFAULT mode.
2025-12-18 22:57:02,647 INFO o.s.d.r.c.RepositoryConfigurationDelegate [restartedMain] Finished Spring Data repository scanning in 41 ms. Found 7 JPA repository interfaces.
2025-12-18 22:57:03,083 INFO o.s.b.w.e.t.TomcatWebServer [restartedMain] Tomcat initialized with port 8080 (http)
2025-12-18 22:57:03,091 INFO o.a.j.l.DirectJDKLog [restartedMain] Initializing ProtocolHandler ["http-nio-8080"]
2025-12-18 22:57:03,092 INFO o.a.j.l.DirectJDKLog [restartedMain] Starting service [Tomcat]
2025-12-18 22:57:03,092 INFO o.a.j.l.DirectJDKLog [restartedMain] Starting Servlet engine: [Apache Tomcat/10.1.40]
2025-12-18 22:57:03,122 INFO o.a.j.l.DirectJDKLog [restartedMain] Initializing Spring embedded WebApplicationContext
2025-12-18 22:57:03,123 INFO o.s.b.w.s.c.ServletWebServerApplicationContext [restartedMain] Root WebApplicationContext: initialization completed in 1091 ms
2025-12-18 22:57:03,213 INFO o.h.j.i.u.LogHelper [restartedMain] HHH000204: Processing PersistenceUnitInfo [name: default]
2025-12-18 22:57:03,243 INFO o.h.Version [restartedMain] HHH000412: Hibernate ORM core version 6.6.13.Final
2025-12-18 22:57:03,263 INFO o.h.c.i.RegionFactoryInitiator [restartedMain] HHH000026: Second-level cache disabled
2025-12-18 22:57:03,416 INFO o.s.o.j.p.SpringPersistenceUnitInfo [restartedMain] No LoadTimeWeaver setup: ignoring JPA class transformer
2025-12-18 22:57:03,434 INFO c.z.h.HikariDataSource [restartedMain] HikariPool-1 - Starting...
2025-12-18 22:57:03,577 INFO c.z.h.p.HikariPool [restartedMain] HikariPool-1 - Added connection conn0: url=jdbc:h2:file:/Userdisk/workspaces/P_Projects/Tailora/src/main/resources/tailora_db user=ROOT
2025-12-18 22:57:03,578 INFO c.z.h.HikariDataSource [restartedMain] HikariPool-1 - Start completed.
2025-12-18 22:57:03,593 WARN o.h.e.j.d.i.DialectFactoryImpl [restartedMain] HHH90000025: H2Dialect does not need to be specified explicitly using 'hibernate.dialect' (remove the property setting and it will be selected by default)
2025-12-18 22:57:03,606 INFO o.h.e.j.e.i.JdbcEnvironmentInitiator [restartedMain] HHH10001005: Database info:
	Database JDBC URL [Connecting through datasource 'HikariDataSource (HikariPool-1)']
	Database driver: undefined/unknown
	Database version: 2.3.232
	Autocommit mode: undefined/unknown
	Isolation level: undefined/unknown
	Minimum pool size: undefined/unknown
	Maximum pool size: undefined/unknown
2025-12-18 22:57:04,243 INFO o.h.e.t.j.p.i.JtaPlatformInitiator [restartedMain] HHH000489: No JTA platform available (set 'hibernate.transaction.jta.platform' to enable JTA platform integration)
2025-12-18 22:57:04,270 INFO o.s.o.j.AbstractEntityManagerFactoryBean [restartedMain] Initialized JPA EntityManagerFactory for persistence unit 'default'
2025-12-18 22:57:04,520 INFO o.s.d.j.r.q.QueryEnhancerFactory [restartedMain] Hibernate is in classpath; If applicable, HQL parser will be used.
2025-12-18 22:57:04,849 INFO o.s.s.c.a.a.c.InitializeAuthenticationProviderBeanManagerConfigurer$InitializeAuthenticationProviderManagerConfigurer [restartedMain] Global AuthenticationManager configured with AuthenticationProvider bean with name authenticationProvider
2025-12-18 22:57:04,850 WARN o.s.s.c.a.a.c.InitializeUserDetailsBeanManagerConfigurer$InitializeUserDetailsManagerConfigurer [restartedMain] Global AuthenticationManager configured with an AuthenticationProvider bean. UserDetailsService beans will not be used by Spring Security for automatically configuring username/password login. Consider removing the AuthenticationProvider bean. Alternatively, consider using the UserDetailsService in a manually instantiated DaoAuthenticationProvider. If the current configuration is intentional, to turn off this warning, increase the logging level of 'org.springframework.security.config.annotation.authentication.configuration.InitializeUserDetailsBeanManagerConfigurer' to ERROR
2025-12-18 22:57:04,960 WARN o.s.b.a.o.j.JpaBaseConfiguration$JpaWebConfiguration [restartedMain] spring.jpa.open-in-view is enabled by default. Therefore, database queries may be performed during view rendering. Explicitly configure spring.jpa.open-in-view to disable this warning
2025-12-18 22:57:05,337 INFO o.s.b.a.h.H2ConsoleAutoConfiguration$H2ConsoleLogger [restartedMain] H2 console available at '/h2-console'. Database available at 'jdbc:h2:file:/Userdisk/workspaces/P_Projects/Tailora/src/main/resources/tailora_db'
2025-12-18 22:57:05,369 WARN o.s.s.c.a.w.b.WebSecurity [restartedMain] You are asking Spring Security to ignore Ant [pattern='/h2-console/**']. This is not recommended -- please use permitAll via HttpSecurity#authorizeHttpRequests instead.
2025-12-18 22:57:05,400 INFO o.s.b.d.a.OptionalLiveReloadServer [restartedMain] LiveReload server is running on port 35729
2025-12-18 22:57:05,422 INFO o.a.j.l.DirectJDKLog [restartedMain] Starting ProtocolHandler ["http-nio-8080"]
2025-12-18 22:57:05,431 INFO o.s.b.w.e.t.TomcatWebServer [restartedMain] Tomcat started on port 8080 (http) with context path '/'
2025-12-18 22:57:05,439 INFO o.s.b.StartupInfoLogger [restartedMain] Started TailoraApplication in 3.719 seconds (process running for 4.256)
2025-12-18 22:57:22,221 INFO o.h.v.i.u.Version [background-preinit] HV000001: Hibernate Validator 8.0.2.Final
2025-12-18 22:57:22,241 INFO o.s.b.StartupInfoLogger [restartedMain] Starting TailoraApplication using Java 17.0.1 with PID 9246 (/Userdisk/workspaces/P_Projects/Tailora/target/classes started by karunkumar in /Userdisk/workspaces/P_Projects/Tailora)
2025-12-18 22:57:22,242 INFO o.s.b.SpringApplication [restartedMain] The following 1 profile is active: "dev"
2025-12-18 22:57:22,266 INFO o.s.b.l.DeferredLog [restartedMain] Devtools property defaults active! Set 'spring.devtools.add-properties' to 'false' to disable
2025-12-18 22:57:22,266 INFO o.s.b.l.DeferredLog [restartedMain] For additional web related logging consider setting the 'logging.level.web' property to 'DEBUG'
2025-12-18 22:57:22,821 INFO o.s.d.r.c.RepositoryConfigurationDelegate [restartedMain] Bootstrapping Spring Data JPA repositories in DEFAULT mode.
2025-12-18 22:57:22,879 INFO o.s.d.r.c.RepositoryConfigurationDelegate [restartedMain] Finished Spring Data repository scanning in 52 ms. Found 7 JPA repository interfaces.
2025-12-18 22:57:23,270 INFO o.s.b.w.e.t.TomcatWebServer [restartedMain] Tomcat initialized with port 8080 (http)
2025-12-18 22:57:23,277 INFO o.a.j.l.DirectJDKLog [restartedMain] Initializing ProtocolHandler ["http-nio-8080"]
2025-12-18 22:57:23,278 INFO o.a.j.l.DirectJDKLog [restartedMain] Starting service [Tomcat]
2025-12-18 22:57:23,278 INFO o.a.j.l.DirectJDKLog [restartedMain] Starting Servlet engine: [Apache Tomcat/10.1.40]
2025-12-18 22:57:23,304 INFO o.a.j.l.DirectJDKLog [restartedMain] Initializing Spring embedded WebApplicationContext
2025-12-18 22:57:23,304 INFO o.s.b.w.s.c.ServletWebServerApplicationContext [restartedMain] Root WebApplicationContext: initialization completed in 1037 ms
2025-12-18 22:57:23,385 INFO o.h.j.i.u.LogHelper [restartedMain] HHH000204: Processing PersistenceUnitInfo [name: default]
2025-12-18 22:57:23,412 INFO o.h.Version [restartedMain] HHH000412: Hibernate ORM core version 6.6.13.Final
2025-12-18 22:57:23,435 INFO o.h.c.i.RegionFactoryInitiator [restartedMain] HHH000026: Second-level cache disabled
2025-12-18 22:57:23,587 INFO o.s.o.j.p.SpringPersistenceUnitInfo [restartedMain] No LoadTimeWeaver setup: ignoring JPA class transformer
2025-12-18 22:57:23,606 INFO c.z.h.HikariDataSource [restartedMain] HikariPool-1 - Starting...
2025-12-18 22:57:23,752 INFO c.z.h.p.HikariPool [restartedMain] HikariPool-1 - Added connection conn0: url=jdbc:h2:file:/Userdisk/workspaces/P_Projects/Tailora/src/main/resources/tailora_db user=ROOT
2025-12-18 22:57:23,753 INFO c.z.h.HikariDataSource [restartedMain] HikariPool-1 - Start completed.
2025-12-18 22:57:23,768 WARN o.h.e.j.d.i.DialectFactoryImpl [restartedMain] HHH90000025: H2Dialect does not need to be specified explicitly using 'hibernate.dialect' (remove the property setting and it will be selected by default)
2025-12-18 22:57:23,782 INFO o.h.e.j.e.i.JdbcEnvironmentInitiator [restartedMain] HHH10001005: Database info:
	Database JDBC URL [Connecting through datasource 'HikariDataSource (HikariPool-1)']
	Database driver: undefined/unknown
	Database version: 2.3.232
	Autocommit mode: undefined/unknown
	Isolation level: undefined/unknown
	Minimum pool size: undefined/unknown
	Maximum pool size: undefined/unknown
2025-12-18 22:57:24,452 INFO o.h.e.t.j.p.i.JtaPlatformInitiator [restartedMain] HHH000489: No JTA platform available (set 'hibernate.transaction.jta.platform' to enable JTA platform integration)
2025-12-18 22:57:24,481 INFO o.s.o.j.AbstractEntityManagerFactoryBean [restartedMain] Initialized JPA EntityManagerFactory for persistence unit 'default'
2025-12-18 22:57:24,735 INFO o.s.d.j.r.q.QueryEnhancerFactory [restartedMain] Hibernate is in classpath; If applicable, HQL parser will be used.
2025-12-18 22:57:25,044 INFO o.s.s.c.a.a.c.InitializeAuthenticationProviderBeanManagerConfigurer$InitializeAuthenticationProviderManagerConfigurer [restartedMain] Global AuthenticationManager configured with AuthenticationProvider bean with name authenticationProvider
2025-12-18 22:57:25,044 WARN o.s.s.c.a.a.c.InitializeUserDetailsBeanManagerConfigurer$InitializeUserDetailsManagerConfigurer [restartedMain] Global AuthenticationManager configured with an AuthenticationProvider bean. UserDetailsService beans will not be used by Spring Security for automatically configuring username/password login. Consider removing the AuthenticationProvider bean. Alternatively, consider using the UserDetailsService in a manually instantiated DaoAuthenticationProvider. If the current configuration is intentional, to turn off this warning, increase the logging level of 'org.springframework.security.config.annotation.authentication.configuration.InitializeUserDetailsBeanManagerConfigurer' to ERROR
2025-12-18 22:57:25,151 WARN o.s.b.a.o.j.JpaBaseConfiguration$JpaWebConfiguration [restartedMain] spring.jpa.open-in-view is enabled by default. Therefore, database queries may be performed during view rendering. Explicitly configure spring.jpa.open-in-view to disable this warning
2025-12-18 22:57:25,513 INFO o.s.b.a.h.H2ConsoleAutoConfiguration$H2ConsoleLogger [restartedMain] H2 console available at '/h2-console'. Database available at 'jdbc:h2:file:/Userdisk/workspaces/P_Projects/Tailora/src/main/resources/tailora_db'
2025-12-18 22:57:25,543 WARN o.s.s.c.a.w.b.WebSecurity [restartedMain] You are asking Spring Security to ignore Ant [pattern='/h2-console/**']. This is not recommended -- please use permitAll via HttpSecurity#authorizeHttpRequests instead.
2025-12-18 22:57:25,577 INFO o.s.b.d.a.OptionalLiveReloadServer [restartedMain] LiveReload server is running on port 35729
2025-12-18 22:57:25,593 INFO o.a.j.l.DirectJDKLog [restartedMain] Starting ProtocolHandler ["http-nio-8080"]
2025-12-18 22:57:25,602 INFO o.s.b.w.e.t.TomcatWebServer [restartedMain] Tomcat started on port 8080 (http) with context path '/'
2025-12-18 22:57:25,611 INFO o.s.b.StartupInfoLogger [restartedMain] Started TailoraApplication in 3.652 seconds (process running for 4.111)
2025-12-18 22:57:29,528 INFO o.a.j.l.DirectJDKLog [http-nio-8080-exec-2] Initializing Spring DispatcherServlet 'dispatcherServlet'
2025-12-18 22:57:29,529 INFO o.s.w.s.FrameworkServlet [http-nio-8080-exec-2] Initializing Servlet 'dispatcherServlet'
2025-12-18 22:57:29,530 INFO o.s.w.s.FrameworkServlet [http-nio-8080-exec-2] Completed initialization in 1 ms
2025-12-18 22:57:29,617 INFO c.t.c.AuthenticationController [http-nio-8080-exec-2] <------ AuthenticationController : verifyOtpForRegister (BEGIN) ------>
2025-12-18 22:57:29,625 INFO c.t.c.AuthenticationController [http-nio-8080-exec-2] user's tracking id is : 123e4567-e89b-12d3-a456-426614174000
2025-12-18 22:57:29,679 INFO c.t.s.UserLoginProfileServiceImpl [http-nio-8080-exec-2] <------ UserLoginProfileServiceImpl : verifyOtpForRegister (BEGIN) with request => OtpEntityDto(email=john.doe@example.com, otp=388395, description=null) ------>
2025-12-18 22:59:00,419 INFO o.h.v.i.u.Version [background-preinit] HV000001: Hibernate Validator 8.0.2.Final
2025-12-18 22:59:00,438 INFO o.s.b.StartupInfoLogger [restartedMain] Starting TailoraApplication using Java 17.0.1 with PID 9484 (/Userdisk/workspaces/P_Projects/Tailora/target/classes started by karunkumar in /Userdisk/workspaces/P_Projects/Tailora)
2025-12-18 22:59:00,439 INFO o.s.b.SpringApplication [restartedMain] The following 1 profile is active: "dev"
2025-12-18 22:59:00,463 INFO o.s.b.l.DeferredLog [restartedMain] Devtools property defaults active! Set 'spring.devtools.add-properties' to 'false' to disable
2025-12-18 22:59:00,463 INFO o.s.b.l.DeferredLog [restartedMain] For additional web related logging consider setting the 'logging.level.web' property to 'DEBUG'
2025-12-18 22:59:00,960 INFO o.s.d.r.c.RepositoryConfigurationDelegate [restartedMain] Bootstrapping Spring Data JPA repositories in DEFAULT mode.
2025-12-18 22:59:01,003 INFO o.s.d.r.c.RepositoryConfigurationDelegate [restartedMain] Finished Spring Data repository scanning in 37 ms. Found 7 JPA repository interfaces.
2025-12-18 22:59:01,392 INFO o.s.b.w.e.t.TomcatWebServer [restartedMain] Tomcat initialized with port 8080 (http)
2025-12-18 22:59:01,399 INFO o.a.j.l.DirectJDKLog [restartedMain] Initializing ProtocolHandler ["http-nio-8080"]
2025-12-18 22:59:01,400 INFO o.a.j.l.DirectJDKLog [restartedMain] Starting service [Tomcat]
2025-12-18 22:59:01,400 INFO o.a.j.l.DirectJDKLog [restartedMain] Starting Servlet engine: [Apache Tomcat/10.1.40]
2025-12-18 22:59:01,426 INFO o.a.j.l.DirectJDKLog [restartedMain] Initializing Spring embedded WebApplicationContext
2025-12-18 22:59:01,427 INFO o.s.b.w.s.c.ServletWebServerApplicationContext [restartedMain] Root WebApplicationContext: initialization completed in 964 ms
2025-12-18 22:59:01,530 INFO o.h.j.i.u.LogHelper [restartedMain] HHH000204: Processing PersistenceUnitInfo [name: default]
2025-12-18 22:59:01,603 INFO o.h.Version [restartedMain] HHH000412: Hibernate ORM core version 6.6.13.Final
2025-12-18 22:59:01,631 INFO o.h.c.i.RegionFactoryInitiator [restartedMain] HHH000026: Second-level cache disabled
2025-12-18 22:59:01,811 INFO o.s.o.j.p.SpringPersistenceUnitInfo [restartedMain] No LoadTimeWeaver setup: ignoring JPA class transformer
2025-12-18 22:59:01,829 INFO c.z.h.HikariDataSource [restartedMain] HikariPool-1 - Starting...
2025-12-18 22:59:01,973 INFO c.z.h.p.HikariPool [restartedMain] HikariPool-1 - Added connection conn0: url=jdbc:h2:file:/Userdisk/workspaces/P_Projects/Tailora/src/main/resources/tailora_db user=ROOT
2025-12-18 22:59:01,974 INFO c.z.h.HikariDataSource [restartedMain] HikariPool-1 - Start completed.
2025-12-18 22:59:01,989 WARN o.h.e.j.d.i.DialectFactoryImpl [restartedMain] HHH90000025: H2Dialect does not need to be specified explicitly using 'hibernate.dialect' (remove the property setting and it will be selected by default)
2025-12-18 22:59:02,008 INFO o.h.e.j.e.i.JdbcEnvironmentInitiator [restartedMain] HHH10001005: Database info:
	Database JDBC URL [Connecting through datasource 'HikariDataSource (HikariPool-1)']
	Database driver: undefined/unknown
	Database version: 2.3.232
	Autocommit mode: undefined/unknown
	Isolation level: undefined/unknown
	Minimum pool size: undefined/unknown
	Maximum pool size: undefined/unknown
2025-12-18 22:59:02,764 INFO o.h.e.t.j.p.i.JtaPlatformInitiator [restartedMain] HHH000489: No JTA platform available (set 'hibernate.transaction.jta.platform' to enable JTA platform integration)
2025-12-18 22:59:02,795 INFO o.s.o.j.AbstractEntityManagerFactoryBean [restartedMain] Initialized JPA EntityManagerFactory for persistence unit 'default'
2025-12-18 22:59:03,050 INFO o.s.d.j.r.q.QueryEnhancerFactory [restartedMain] Hibernate is in classpath; If applicable, HQL parser will be used.
2025-12-18 22:59:03,370 INFO o.s.s.c.a.a.c.InitializeAuthenticationProviderBeanManagerConfigurer$InitializeAuthenticationProviderManagerConfigurer [restartedMain] Global AuthenticationManager configured with AuthenticationProvider bean with name authenticationProvider
2025-12-18 22:59:03,371 WARN o.s.s.c.a.a.c.InitializeUserDetailsBeanManagerConfigurer$InitializeUserDetailsManagerConfigurer [restartedMain] Global AuthenticationManager configured with an AuthenticationProvider bean. UserDetailsService beans will not be used by Spring Security for automatically configuring username/password login. Consider removing the AuthenticationProvider bean. Alternatively, consider using the UserDetailsService in a manually instantiated DaoAuthenticationProvider. If the current configuration is intentional, to turn off this warning, increase the logging level of 'org.springframework.security.config.annotation.authentication.configuration.InitializeUserDetailsBeanManagerConfigurer' to ERROR
2025-12-18 22:59:03,480 WARN o.s.b.a.o.j.JpaBaseConfiguration$JpaWebConfiguration [restartedMain] spring.jpa.open-in-view is enabled by default. Therefore, database queries may be performed during view rendering. Explicitly configure spring.jpa.open-in-view to disable this warning
2025-12-18 22:59:03,857 INFO o.s.b.a.h.H2ConsoleAutoConfiguration$H2ConsoleLogger [restartedMain] H2 console available at '/h2-console'. Database available at 'jdbc:h2:file:/Userdisk/workspaces/P_Projects/Tailora/src/main/resources/tailora_db'
2025-12-18 22:59:03,888 WARN o.s.s.c.a.w.b.WebSecurity [restartedMain] You are asking Spring Security to ignore Ant [pattern='/h2-console/**']. This is not recommended -- please use permitAll via HttpSecurity#authorizeHttpRequests instead.
2025-12-18 22:59:03,921 INFO o.s.b.d.a.OptionalLiveReloadServer [restartedMain] LiveReload server is running on port 35729
2025-12-18 22:59:03,939 INFO o.a.j.l.DirectJDKLog [restartedMain] Starting ProtocolHandler ["http-nio-8080"]
2025-12-18 22:59:03,958 INFO o.s.b.w.e.t.TomcatWebServer [restartedMain] Tomcat started on port 8080 (http) with context path '/'
2025-12-18 22:59:03,966 INFO o.s.b.StartupInfoLogger [restartedMain] Started TailoraApplication in 3.862 seconds (process running for 4.378)
2025-12-18 22:59:08,819 INFO o.a.j.l.DirectJDKLog [http-nio-8080-exec-1] Initializing Spring DispatcherServlet 'dispatcherServlet'
2025-12-18 22:59:08,819 INFO o.s.w.s.FrameworkServlet [http-nio-8080-exec-1] Initializing Servlet 'dispatcherServlet'
2025-12-18 22:59:08,821 INFO o.s.w.s.FrameworkServlet [http-nio-8080-exec-1] Completed initialization in 1 ms
2025-12-18 22:59:08,925 INFO c.t.c.AuthenticationController [http-nio-8080-exec-1] <------ AuthenticationController : verifyOtpForRegister (BEGIN) ------>
2025-12-18 22:59:08,934 INFO c.t.c.AuthenticationController [http-nio-8080-exec-1] user's tracking id is : 123e4567-e89b-12d3-a456-426614174000
2025-12-18 22:59:08,996 INFO c.t.s.UserLoginProfileServiceImpl [http-nio-8080-exec-1] <------ UserLoginProfileServiceImpl : verifyOtpForRegister (BEGIN) with request => OtpEntityDto(email=john.doe@example.com, otp=388395, description=null) ------>
2025-12-18 23:01:39,441 INFO o.h.v.i.u.Version [background-preinit] HV000001: Hibernate Validator 8.0.2.Final
2025-12-18 23:01:39,473 INFO o.s.b.StartupInfoLogger [restartedMain] Starting TailoraApplication using Java 17.0.1 with PID 9935 (/Userdisk/workspaces/P_Projects/Tailora/target/classes started by karunkumar in /Userdisk/workspaces/P_Projects/Tailora)
2025-12-18 23:01:39,475 INFO o.s.b.SpringApplication [restartedMain] The following 1 profile is active: "dev"
2025-12-18 23:01:39,515 INFO o.s.b.l.DeferredLog [restartedMain] Devtools property defaults active! Set 'spring.devtools.add-properties' to 'false' to disable
2025-12-18 23:01:39,515 INFO o.s.b.l.DeferredLog [restartedMain] For additional web related logging consider setting the 'logging.level.web' property to 'DEBUG'
2025-12-18 23:01:39,977 INFO o.s.d.r.c.RepositoryConfigurationDelegate [restartedMain] Bootstrapping Spring Data JPA repositories in DEFAULT mode.
2025-12-18 23:01:40,018 INFO o.s.d.r.c.RepositoryConfigurationDelegate [restartedMain] Finished Spring Data repository scanning in 36 ms. Found 7 JPA repository interfaces.
2025-12-18 23:01:40,331 INFO o.s.b.w.e.t.TomcatWebServer [restartedMain] Tomcat initialized with port 8080 (http)
2025-12-18 23:01:40,337 INFO o.a.j.l.DirectJDKLog [restartedMain] Initializing ProtocolHandler ["http-nio-8080"]
2025-12-18 23:01:40,338 INFO o.a.j.l.DirectJDKLog [restartedMain] Starting service [Tomcat]
2025-12-18 23:01:40,338 INFO o.a.j.l.DirectJDKLog [restartedMain] Starting Servlet engine: [Apache Tomcat/10.1.40]
2025-12-18 23:01:40,359 INFO o.a.j.l.DirectJDKLog [restartedMain] Initializing Spring embedded WebApplicationContext
2025-12-18 23:01:40,359 INFO o.s.b.w.s.c.ServletWebServerApplicationContext [restartedMain] Root WebApplicationContext: initialization completed in 844 ms
2025-12-18 23:01:40,432 INFO o.h.j.i.u.LogHelper [restartedMain] HHH000204: Processing PersistenceUnitInfo [name: default]
2025-12-18 23:01:40,456 INFO o.h.Version [restartedMain] HHH000412: Hibernate ORM core version 6.6.13.Final
2025-12-18 23:01:40,471 INFO o.h.c.i.RegionFactoryInitiator [restartedMain] HHH000026: Second-level cache disabled
2025-12-18 23:01:40,588 INFO o.s.o.j.p.SpringPersistenceUnitInfo [restartedMain] No LoadTimeWeaver setup: ignoring JPA class transformer
2025-12-18 23:01:40,602 INFO c.z.h.HikariDataSource [restartedMain] HikariPool-1 - Starting...
2025-12-18 23:01:40,723 INFO c.z.h.p.HikariPool [restartedMain] HikariPool-1 - Added connection conn0: url=jdbc:h2:file:/Userdisk/workspaces/P_Projects/Tailora/src/main/resources/tailora_db user=ROOT
2025-12-18 23:01:40,724 INFO c.z.h.HikariDataSource [restartedMain] HikariPool-1 - Start completed.
2025-12-18 23:01:40,736 WARN o.h.e.j.d.i.DialectFactoryImpl [restartedMain] HHH90000025: H2Dialect does not need to be specified explicitly using 'hibernate.dialect' (remove the property setting and it will be selected by default)
2025-12-18 23:01:40,749 INFO o.h.e.j.e.i.JdbcEnvironmentInitiator [restartedMain] HHH10001005: Database info:
	Database JDBC URL [Connecting through datasource 'HikariDataSource (HikariPool-1)']
	Database driver: undefined/unknown
	Database version: 2.3.232
	Autocommit mode: undefined/unknown
	Isolation level: undefined/unknown
	Minimum pool size: undefined/unknown
	Maximum pool size: undefined/unknown
2025-12-18 23:01:41,319 INFO o.h.e.t.j.p.i.JtaPlatformInitiator [restartedMain] HHH000489: No JTA platform available (set 'hibernate.transaction.jta.platform' to enable JTA platform integration)
2025-12-18 23:01:41,345 INFO o.s.o.j.AbstractEntityManagerFactoryBean [restartedMain] Initialized JPA EntityManagerFactory for persistence unit 'default'
2025-12-18 23:01:41,572 INFO o.s.d.j.r.q.QueryEnhancerFactory [restartedMain] Hibernate is in classpath; If applicable, HQL parser will be used.
2025-12-18 23:01:41,830 INFO o.s.s.c.a.a.c.InitializeAuthenticationProviderBeanManagerConfigurer$InitializeAuthenticationProviderManagerConfigurer [restartedMain] Global AuthenticationManager configured with AuthenticationProvider bean with name authenticationProvider
2025-12-18 23:01:41,831 WARN o.s.s.c.a.a.c.InitializeUserDetailsBeanManagerConfigurer$InitializeUserDetailsManagerConfigurer [restartedMain] Global AuthenticationManager configured with an AuthenticationProvider bean. UserDetailsService beans will not be used by Spring Security for automatically configuring username/password login. Consider removing the AuthenticationProvider bean. Alternatively, consider using the UserDetailsService in a manually instantiated DaoAuthenticationProvider. If the current configuration is intentional, to turn off this warning, increase the logging level of 'org.springframework.security.config.annotation.authentication.configuration.InitializeUserDetailsBeanManagerConfigurer' to ERROR
2025-12-18 23:01:41,920 WARN o.s.b.a.o.j.JpaBaseConfiguration$JpaWebConfiguration [restartedMain] spring.jpa.open-in-view is enabled by default. Therefore, database queries may be performed during view rendering. Explicitly configure spring.jpa.open-in-view to disable this warning
2025-12-18 23:01:42,252 INFO o.s.b.a.h.H2ConsoleAutoConfiguration$H2ConsoleLogger [restartedMain] H2 console available at '/h2-console'. Database available at 'jdbc:h2:file:/Userdisk/workspaces/P_Projects/Tailora/src/main/resources/tailora_db'
2025-12-18 23:01:42,282 WARN o.s.s.c.a.w.b.WebSecurity [restartedMain] You are asking Spring Security to ignore Ant [pattern='/h2-console/**']. This is not recommended -- please use permitAll via HttpSecurity#authorizeHttpRequests instead.
2025-12-18 23:01:42,312 INFO o.s.b.d.a.OptionalLiveReloadServer [restartedMain] LiveReload server is running on port 35729
2025-12-18 23:01:42,331 INFO o.a.j.l.DirectJDKLog [restartedMain] Starting ProtocolHandler ["http-nio-8080"]
2025-12-18 23:01:42,338 INFO o.s.b.w.e.t.TomcatWebServer [restartedMain] Tomcat started on port 8080 (http) with context path '/'
2025-12-18 23:01:42,346 INFO o.s.b.StartupInfoLogger [restartedMain] Started TailoraApplication in 3.145 seconds (process running for 3.45)
2025-12-18 23:01:50,622 INFO o.a.j.l.DirectJDKLog [http-nio-8080-exec-2] Initializing Spring DispatcherServlet 'dispatcherServlet'
2025-12-18 23:01:50,623 INFO o.s.w.s.FrameworkServlet [http-nio-8080-exec-2] Initializing Servlet 'dispatcherServlet'
2025-12-18 23:01:50,625 INFO o.s.w.s.FrameworkServlet [http-nio-8080-exec-2] Completed initialization in 2 ms
2025-12-18 23:01:50,703 INFO c.t.c.AuthenticationController [http-nio-8080-exec-2] <------ AuthenticationController : verifyOtpForRegister (BEGIN) ------>
2025-12-18 23:01:50,711 INFO c.t.c.AuthenticationController [http-nio-8080-exec-2] user's tracking id is : 123e4567-e89b-12d3-a456-426614174000
2025-12-18 23:01:50,761 INFO c.t.s.UserLoginProfileServiceImpl [http-nio-8080-exec-2] <------ UserLoginProfileServiceImpl : verifyOtpForRegister (BEGIN) with request => OtpEntityDto(email=john.doe@example.com, otp=388395, description=null) ------>
2025-12-18 23:01:50,764 INFO c.t.s.UserLoginProfileServiceImpl [http-nio-8080-exec-2] <------ UserLoginProfileServiceImpl : verifyOtpForRegister (FAILED) ----->
2025-12-18 23:01:50,764 INFO c.t.c.AuthenticationController [http-nio-8080-exec-2] <------ AuthenticationController : verifyOtpForRegister (FAILED) ------>
2025-12-18 23:02:01,687 ERROR c.t.s.s.AuthEntryPointJwt [http-nio-8080-exec-9] Unauthorized error: Full authentication is required to access this resource
2025-12-18 23:02:04,911 ERROR c.t.s.s.AuthEntryPointJwt [http-nio-8080-exec-10] Unauthorized error: Full authentication is required to access this resource
2025-12-18 23:02:39,712 INFO c.t.c.AuthenticationController [http-nio-8080-exec-9] <------ AuthenticationController : verifyOtpForRegister (BEGIN) ------>
2025-12-18 23:02:39,713 INFO c.t.c.AuthenticationController [http-nio-8080-exec-9] user's tracking id is : 123e4567-e89b-12d3-a456-426614174000
2025-12-18 23:02:39,715 INFO c.t.s.UserLoginProfileServiceImpl [http-nio-8080-exec-9] <------ UserLoginProfileServiceImpl : verifyOtpForRegister (BEGIN) with request => OtpEntityDto(email=john.doe@example.com, otp=388395, description=null) ------>
2025-12-18 23:02:39,715 INFO c.t.s.UserLoginProfileServiceImpl [http-nio-8080-exec-9] <------ UserLoginProfileServiceImpl : verifyOtpForRegister (FAILED) ----->
2025-12-18 23:02:39,716 INFO c.t.c.AuthenticationController [http-nio-8080-exec-9] <------ AuthenticationController : verifyOtpForRegister (FAILED) ------>
2025-12-18 23:03:54,847 INFO o.s.b.a.SpringApplicationAdminMXBeanRegistrar$SpringApplicationAdmin [RMI TCP Connection(7)-127.0.0.1] Application shutdown requested.
2025-12-18 23:03:54,850 INFO o.s.b.w.e.t.GracefulShutdown [RMI TCP Connection(7)-127.0.0.1] Commencing graceful shutdown. Waiting for active requests to complete
2025-12-18 23:03:54,852 INFO o.a.j.l.DirectJDKLog [tomcat-shutdown] Pausing ProtocolHandler ["http-nio-8080"]
2025-12-18 23:03:54,857 INFO o.s.b.w.e.t.GracefulShutdown [tomcat-shutdown] Graceful shutdown complete
2025-12-18 23:03:54,858 INFO o.a.j.l.DirectJDKLog [RMI TCP Connection(7)-127.0.0.1] Stopping ProtocolHandler ["http-nio-8080"]
2025-12-18 23:03:54,866 INFO o.s.o.j.AbstractEntityManagerFactoryBean [RMI TCP Connection(7)-127.0.0.1] Closing JPA EntityManagerFactory for persistence unit 'default'
2025-12-18 23:03:54,870 INFO c.z.h.HikariDataSource [RMI TCP Connection(7)-127.0.0.1] HikariPool-1 - Shutdown initiated...
2025-12-18 23:03:54,873 INFO c.z.h.HikariDataSource [RMI TCP Connection(7)-127.0.0.1] HikariPool-1 - Shutdown completed.
2025-12-18 23:03:56,111 INFO o.h.v.i.u.Version [background-preinit] HV000001: Hibernate Validator 8.0.2.Final
2025-12-18 23:03:56,132 INFO o.s.b.StartupInfoLogger [restartedMain] Starting TailoraApplication using Java 17.0.1 with PID 10292 (/Userdisk/workspaces/P_Projects/Tailora/target/classes started by karunkumar in /Userdisk/workspaces/P_Projects/Tailora)
2025-12-18 23:03:56,132 INFO o.s.b.SpringApplication [restartedMain] The following 1 profile is active: "dev"
2025-12-18 23:03:56,153 INFO o.s.b.l.DeferredLog [restartedMain] Devtools property defaults active! Set 'spring.devtools.add-properties' to 'false' to disable
2025-12-18 23:03:56,154 INFO o.s.b.l.DeferredLog [restartedMain] For additional web related logging consider setting the 'logging.level.web' property to 'DEBUG'
2025-12-18 23:03:56,588 INFO o.s.d.r.c.RepositoryConfigurationDelegate [restartedMain] Bootstrapping Spring Data JPA repositories in DEFAULT mode.
2025-12-18 23:03:56,629 INFO o.s.d.r.c.RepositoryConfigurationDelegate [restartedMain] Finished Spring Data repository scanning in 35 ms. Found 7 JPA repository interfaces.
2025-12-18 23:03:56,955 INFO o.s.b.w.e.t.TomcatWebServer [restartedMain] Tomcat initialized with port 8080 (http)
2025-12-18 23:03:56,961 INFO o.a.j.l.DirectJDKLog [restartedMain] Initializing ProtocolHandler ["http-nio-8080"]
2025-12-18 23:03:56,962 INFO o.a.j.l.DirectJDKLog [restartedMain] Starting service [Tomcat]
2025-12-18 23:03:56,962 INFO o.a.j.l.DirectJDKLog [restartedMain] Starting Servlet engine: [Apache Tomcat/10.1.40]
2025-12-18 23:03:56,984 INFO o.a.j.l.DirectJDKLog [restartedMain] Initializing Spring embedded WebApplicationContext
2025-12-18 23:03:56,984 INFO o.s.b.w.s.c.ServletWebServerApplicationContext [restartedMain] Root WebApplicationContext: initialization completed in 830 ms
2025-12-18 23:03:57,062 INFO o.h.j.i.u.LogHelper [restartedMain] HHH000204: Processing PersistenceUnitInfo [name: default]
2025-12-18 23:03:57,087 INFO o.h.Version [restartedMain] HHH000412: Hibernate ORM core version 6.6.13.Final
2025-12-18 23:03:57,103 INFO o.h.c.i.RegionFactoryInitiator [restartedMain] HHH000026: Second-level cache disabled
2025-12-18 23:03:57,215 INFO o.s.o.j.p.SpringPersistenceUnitInfo [restartedMain] No LoadTimeWeaver setup: ignoring JPA class transformer
2025-12-18 23:03:57,228 INFO c.z.h.HikariDataSource [restartedMain] HikariPool-1 - Starting...
2025-12-18 23:03:57,340 INFO c.z.h.p.HikariPool [restartedMain] HikariPool-1 - Added connection conn0: url=jdbc:h2:file:/Userdisk/workspaces/P_Projects/Tailora/src/main/resources/tailora_db user=ROOT
2025-12-18 23:03:57,342 INFO c.z.h.HikariDataSource [restartedMain] HikariPool-1 - Start completed.
2025-12-18 23:03:57,353 WARN o.h.e.j.d.i.DialectFactoryImpl [restartedMain] HHH90000025: H2Dialect does not need to be specified explicitly using 'hibernate.dialect' (remove the property setting and it will be selected by default)
2025-12-18 23:03:57,364 INFO o.h.e.j.e.i.JdbcEnvironmentInitiator [restartedMain] HHH10001005: Database info:
	Database JDBC URL [Connecting through datasource 'HikariDataSource (HikariPool-1)']
	Database driver: undefined/unknown
	Database version: 2.3.232
	Autocommit mode: undefined/unknown
	Isolation level: undefined/unknown
	Minimum pool size: undefined/unknown
	Maximum pool size: undefined/unknown
2025-12-18 23:03:57,871 INFO o.h.e.t.j.p.i.JtaPlatformInitiator [restartedMain] HHH000489: No JTA platform available (set 'hibernate.transaction.jta.platform' to enable JTA platform integration)
2025-12-18 23:03:57,895 INFO o.s.o.j.AbstractEntityManagerFactoryBean [restartedMain] Initialized JPA EntityManagerFactory for persistence unit 'default'
2025-12-18 23:03:58,098 INFO o.s.d.j.r.q.QueryEnhancerFactory [restartedMain] Hibernate is in classpath; If applicable, HQL parser will be used.
2025-12-18 23:03:58,352 INFO o.s.s.c.a.a.c.InitializeAuthenticationProviderBeanManagerConfigurer$InitializeAuthenticationProviderManagerConfigurer [restartedMain] Global AuthenticationManager configured with AuthenticationProvider bean with name authenticationProvider
2025-12-18 23:03:58,352 WARN o.s.s.c.a.a.c.InitializeUserDetailsBeanManagerConfigurer$InitializeUserDetailsManagerConfigurer [restartedMain] Global AuthenticationManager configured with an AuthenticationProvider bean. UserDetailsService beans will not be used by Spring Security for automatically configuring username/password login. Consider removing the AuthenticationProvider bean. Alternatively, consider using the UserDetailsService in a manually instantiated DaoAuthenticationProvider. If the current configuration is intentional, to turn off this warning, increase the logging level of 'org.springframework.security.config.annotation.authentication.configuration.InitializeUserDetailsBeanManagerConfigurer' to ERROR
2025-12-18 23:03:58,442 WARN o.s.b.a.o.j.JpaBaseConfiguration$JpaWebConfiguration [restartedMain] spring.jpa.open-in-view is enabled by default. Therefore, database queries may be performed during view rendering. Explicitly configure spring.jpa.open-in-view to disable this warning
2025-12-18 23:03:58,785 INFO o.s.b.a.h.H2ConsoleAutoConfiguration$H2ConsoleLogger [restartedMain] H2 console available at '/h2-console'. Database available at 'jdbc:h2:file:/Userdisk/workspaces/P_Projects/Tailora/src/main/resources/tailora_db'
2025-12-18 23:03:58,813 WARN o.s.s.c.a.w.b.WebSecurity [restartedMain] You are asking Spring Security to ignore Ant [pattern='/h2-console/**']. This is not recommended -- please use permitAll via HttpSecurity#authorizeHttpRequests instead.
2025-12-18 23:03:58,843 INFO o.s.b.d.a.OptionalLiveReloadServer [restartedMain] LiveReload server is running on port 35729
2025-12-18 23:03:58,858 INFO o.a.j.l.DirectJDKLog [restartedMain] Starting ProtocolHandler ["http-nio-8080"]
2025-12-18 23:03:58,866 INFO o.s.b.w.e.t.TomcatWebServer [restartedMain] Tomcat started on port 8080 (http) with context path '/'
2025-12-18 23:03:58,872 INFO o.s.b.StartupInfoLogger [restartedMain] Started TailoraApplication in 3.032 seconds (process running for 3.322)
2025-12-18 23:04:03,964 INFO o.a.j.l.DirectJDKLog [http-nio-8080-exec-7] Initializing Spring DispatcherServlet 'dispatcherServlet'
2025-12-18 23:04:03,965 INFO o.s.w.s.FrameworkServlet [http-nio-8080-exec-7] Initializing Servlet 'dispatcherServlet'
2025-12-18 23:04:03,967 INFO o.s.w.s.FrameworkServlet [http-nio-8080-exec-7] Completed initialization in 1 ms
2025-12-18 23:04:03,979 ERROR c.t.s.s.AuthEntryPointJwt [http-nio-8080-exec-7] Unauthorized error: Full authentication is required to access this resource
2025-12-18 23:04:05,636 ERROR c.t.s.s.AuthEntryPointJwt [http-nio-8080-exec-7] Unauthorized error: Full authentication is required to access this resource
2025-12-18 23:05:31,967 INFO c.t.c.AuthenticationController [http-nio-8080-exec-9] <------ AuthenticationController : verifyOtpForRegister (BEGIN) ------>
2025-12-18 23:05:31,973 INFO c.t.c.AuthenticationController [http-nio-8080-exec-9] user's tracking id is : 123e4567-e89b-12d3-a456-426614174000
2025-12-18 23:05:32,020 INFO c.t.s.UserLoginProfileServiceImpl [http-nio-8080-exec-9] <------ UserLoginProfileServiceImpl : verifyOtpForRegister (BEGIN) with request => OtpEntityDto(email=john.doe@example.com, otp=388395, description=null) ------>
2025-12-18 23:05:32,023 INFO c.t.s.UserLoginProfileServiceImpl [http-nio-8080-exec-9] <------ UserLoginProfileServiceImpl : verifyOtpForRegister (FAILED) ----->
2025-12-18 23:05:32,023 INFO c.t.c.AuthenticationController [http-nio-8080-exec-9] <------ AuthenticationController : verifyOtpForRegister (FAILED) ------>
2025-12-18 23:08:24,753 INFO o.s.b.a.SpringApplicationAdminMXBeanRegistrar$SpringApplicationAdmin [RMI TCP Connection(7)-127.0.0.1] Application shutdown requested.
2025-12-18 23:08:24,758 INFO o.s.b.w.e.t.GracefulShutdown [RMI TCP Connection(7)-127.0.0.1] Commencing graceful shutdown. Waiting for active requests to complete
2025-12-18 23:08:24,759 INFO o.a.j.l.DirectJDKLog [tomcat-shutdown] Pausing ProtocolHandler ["http-nio-8080"]
2025-12-18 23:08:24,761 INFO o.s.b.w.e.t.GracefulShutdown [tomcat-shutdown] Graceful shutdown complete
2025-12-18 23:08:24,762 INFO o.a.j.l.DirectJDKLog [RMI TCP Connection(7)-127.0.0.1] Stopping ProtocolHandler ["http-nio-8080"]
2025-12-18 23:08:24,769 INFO o.s.o.j.AbstractEntityManagerFactoryBean [RMI TCP Connection(7)-127.0.0.1] Closing JPA EntityManagerFactory for persistence unit 'default'
2025-12-18 23:08:24,773 INFO c.z.h.HikariDataSource [RMI TCP Connection(7)-127.0.0.1] HikariPool-1 - Shutdown initiated...
2025-12-18 23:08:24,775 INFO c.z.h.HikariDataSource [RMI TCP Connection(7)-127.0.0.1] HikariPool-1 - Shutdown completed.
2025-12-18 23:09:30,259 INFO o.h.v.i.u.Version [background-preinit] HV000001: Hibernate Validator 8.0.2.Final
2025-12-18 23:09:30,274 INFO o.s.b.StartupInfoLogger [restartedMain] Starting TailoraApplication using Java 17.0.1 with PID 10764 (/Userdisk/workspaces/P_Projects/Tailora/target/classes started by karunkumar in /Userdisk/workspaces/P_Projects/Tailora)
2025-12-18 23:09:30,275 INFO o.s.b.SpringApplication [restartedMain] The following 1 profile is active: "dev"
2025-12-18 23:09:30,301 INFO o.s.b.l.DeferredLog [restartedMain] Devtools property defaults active! Set 'spring.devtools.add-properties' to 'false' to disable
2025-12-18 23:09:30,301 INFO o.s.b.l.DeferredLog [restartedMain] For additional web related logging consider setting the 'logging.level.web' property to 'DEBUG'
2025-12-18 23:09:30,767 INFO o.s.d.r.c.RepositoryConfigurationDelegate [restartedMain] Bootstrapping Spring Data JPA repositories in DEFAULT mode.
2025-12-18 23:09:30,805 INFO o.s.d.r.c.RepositoryConfigurationDelegate [restartedMain] Finished Spring Data repository scanning in 33 ms. Found 7 JPA repository interfaces.
2025-12-18 23:09:31,146 INFO o.s.b.w.e.t.TomcatWebServer [restartedMain] Tomcat initialized with port 8080 (http)
2025-12-18 23:09:31,153 INFO o.a.j.l.DirectJDKLog [restartedMain] Initializing ProtocolHandler ["http-nio-8080"]
2025-12-18 23:09:31,154 INFO o.a.j.l.DirectJDKLog [restartedMain] Starting service [Tomcat]
2025-12-18 23:09:31,154 INFO o.a.j.l.DirectJDKLog [restartedMain] Starting Servlet engine: [Apache Tomcat/10.1.40]
2025-12-18 23:09:31,179 INFO o.a.j.l.DirectJDKLog [restartedMain] Initializing Spring embedded WebApplicationContext
2025-12-18 23:09:31,179 INFO o.s.b.w.s.c.ServletWebServerApplicationContext [restartedMain] Root WebApplicationContext: initialization completed in 877 ms
2025-12-18 23:09:31,255 INFO o.h.j.i.u.LogHelper [restartedMain] HHH000204: Processing PersistenceUnitInfo [name: default]
2025-12-18 23:09:31,280 INFO o.h.Version [restartedMain] HHH000412: Hibernate ORM core version 6.6.13.Final
2025-12-18 23:09:31,296 INFO o.h.c.i.RegionFactoryInitiator [restartedMain] HHH000026: Second-level cache disabled
2025-12-18 23:09:31,409 INFO o.s.o.j.p.SpringPersistenceUnitInfo [restartedMain] No LoadTimeWeaver setup: ignoring JPA class transformer
2025-12-18 23:09:31,423 INFO c.z.h.HikariDataSource [restartedMain] HikariPool-1 - Starting...
2025-12-18 23:09:31,524 INFO c.z.h.p.HikariPool [restartedMain] HikariPool-1 - Added connection conn0: url=jdbc:h2:file:/Userdisk/workspaces/P_Projects/Tailora/src/main/resources/tailora_db user=ROOT
2025-12-18 23:09:31,525 INFO c.z.h.HikariDataSource [restartedMain] HikariPool-1 - Start completed.
2025-12-18 23:09:31,537 WARN o.h.e.j.d.i.DialectFactoryImpl [restartedMain] HHH90000025: H2Dialect does not need to be specified explicitly using 'hibernate.dialect' (remove the property setting and it will be selected by default)
2025-12-18 23:09:31,548 INFO o.h.e.j.e.i.JdbcEnvironmentInitiator [restartedMain] HHH10001005: Database info:
	Database JDBC URL [Connecting through datasource 'HikariDataSource (HikariPool-1)']
	Database driver: undefined/unknown
	Database version: 2.3.232
	Autocommit mode: undefined/unknown
	Isolation level: undefined/unknown
	Minimum pool size: undefined/unknown
	Maximum pool size: undefined/unknown
2025-12-18 23:09:32,079 INFO o.h.e.t.j.p.i.JtaPlatformInitiator [restartedMain] HHH000489: No JTA platform available (set 'hibernate.transaction.jta.platform' to enable JTA platform integration)
2025-12-18 23:09:32,115 INFO o.s.o.j.AbstractEntityManagerFactoryBean [restartedMain] Initialized JPA EntityManagerFactory for persistence unit 'default'
2025-12-18 23:09:32,315 INFO o.s.d.j.r.q.QueryEnhancerFactory [restartedMain] Hibernate is in classpath; If applicable, HQL parser will be used.
2025-12-18 23:09:32,563 INFO o.s.s.c.a.a.c.InitializeAuthenticationProviderBeanManagerConfigurer$InitializeAuthenticationProviderManagerConfigurer [restartedMain] Global AuthenticationManager configured with AuthenticationProvider bean with name authenticationProvider
2025-12-18 23:09:32,564 WARN o.s.s.c.a.a.c.InitializeUserDetailsBeanManagerConfigurer$InitializeUserDetailsManagerConfigurer [restartedMain] Global AuthenticationManager configured with an AuthenticationProvider bean. UserDetailsService beans will not be used by Spring Security for automatically configuring username/password login. Consider removing the AuthenticationProvider bean. Alternatively, consider using the UserDetailsService in a manually instantiated DaoAuthenticationProvider. If the current configuration is intentional, to turn off this warning, increase the logging level of 'org.springframework.security.config.annotation.authentication.configuration.InitializeUserDetailsBeanManagerConfigurer' to ERROR
2025-12-18 23:09:32,656 WARN o.s.b.a.o.j.JpaBaseConfiguration$JpaWebConfiguration [restartedMain] spring.jpa.open-in-view is enabled by default. Therefore, database queries may be performed during view rendering. Explicitly configure spring.jpa.open-in-view to disable this warning
2025-12-18 23:09:32,975 INFO o.s.b.a.h.H2ConsoleAutoConfiguration$H2ConsoleLogger [restartedMain] H2 console available at '/h2-console'. Database available at 'jdbc:h2:file:/Userdisk/workspaces/P_Projects/Tailora/src/main/resources/tailora_db'
2025-12-18 23:09:33,003 WARN o.s.s.c.a.w.b.WebSecurity [restartedMain] You are asking Spring Security to ignore Ant [pattern='/h2-console/**']. This is not recommended -- please use permitAll via HttpSecurity#authorizeHttpRequests instead.
2025-12-18 23:09:33,029 INFO o.s.b.d.a.OptionalLiveReloadServer [restartedMain] LiveReload server is running on port 35729
2025-12-18 23:09:33,045 INFO o.a.j.l.DirectJDKLog [restartedMain] Starting ProtocolHandler ["http-nio-8080"]
2025-12-18 23:09:33,053 INFO o.s.b.w.e.t.TomcatWebServer [restartedMain] Tomcat started on port 8080 (http) with context path '/'
2025-12-18 23:09:33,059 INFO o.s.b.StartupInfoLogger [restartedMain] Started TailoraApplication in 3.079 seconds (process running for 3.443)
2025-12-18 23:10:02,493 INFO o.a.j.l.DirectJDKLog [http-nio-8080-exec-7] Initializing Spring DispatcherServlet 'dispatcherServlet'
2025-12-18 23:10:02,493 INFO o.s.w.s.FrameworkServlet [http-nio-8080-exec-7] Initializing Servlet 'dispatcherServlet'
2025-12-18 23:10:02,495 INFO o.s.w.s.FrameworkServlet [http-nio-8080-exec-7] Completed initialization in 2 ms
2025-12-18 23:10:02,506 ERROR c.t.s.s.AuthEntryPointJwt [http-nio-8080-exec-7] Unauthorized error: Full authentication is required to access this resource
2025-12-18 23:10:04,397 ERROR c.t.s.s.AuthEntryPointJwt [http-nio-8080-exec-4] Unauthorized error: Full authentication is required to access this resource
2025-12-18 23:10:18,266 INFO c.t.c.AuthenticationController [http-nio-8080-exec-6] <------ AuthenticationController : register (BEGIN) ------>
2025-12-18 23:10:18,274 INFO c.t.c.AuthenticationController [http-nio-8080-exec-6] user's tracking id is : abcd1234-5678-90ef-ghij-klmnopqrstuv
2025-12-18 23:10:18,274 INFO c.t.s.UserLoginProfileServiceImpl [http-nio-8080-exec-6] <------ UserLoginProfileServiceImpl : register (BEGIN) with request => SignupRequest(username=john_dose, email=kkarun701@gmail.com, password=SecureP@ss123, mobilenumber=9876543201) ------>
2025-12-18 23:10:18,491 INFO c.t.s.EmailServiceImpl [http-nio-8080-exec-6] <------ EmailServiceImpl : sendOtp (BEGIN) with request => EmailDto(toEmail=kkarun701@gmail.com, body=null, subject=One Time Password for your Regsistration) ------>
2025-12-18 23:10:18,495 INFO c.t.s.EmailServiceImpl [http-nio-8080-exec-6] <------ EmailServiceImpl : sendOtp otp => 706343 ------>
2025-12-18 23:10:18,495 INFO c.t.s.OtpEntityServiceImpl [http-nio-8080-exec-6] <------ OtpEntityServiceImpl : saveOtp (BEGIN) with request => OtpEntity(email=kkarun701@gmail.com, otp=706343, description=One Time Password for your Regsistration) ------>
2025-12-18 23:10:18,497 INFO c.t.s.OtpEntityServiceImpl [http-nio-8080-exec-6] <------ OtpEntityServiceImpl : saveOtp (END) ------>
2025-12-18 23:10:28,793 INFO c.t.s.EmailServiceImpl [http-nio-8080-exec-6] <------ EmailServiceImpl : sendOtp (SUCCESS) ------>
2025-12-18 23:10:28,793 INFO c.t.s.UserLoginProfileServiceImpl [http-nio-8080-exec-6] <------ UserLoginProfileServiceImpl : register (END) ----->
2025-12-18 23:10:28,794 INFO c.t.c.AuthenticationController [http-nio-8080-exec-6] <------ AuthenticationController : register (END) ------>
2025-12-18 23:10:54,481 INFO c.t.c.AuthenticationController [http-nio-8080-exec-10] <------ AuthenticationController : verifyOtpForRegister (BEGIN) ------>
2025-12-18 23:10:54,484 INFO c.t.c.AuthenticationController [http-nio-8080-exec-10] user's tracking id is : 123e4567-e89b-12d3-a456-426614174000
2025-12-18 23:10:54,487 INFO c.t.s.UserLoginProfileServiceImpl [http-nio-8080-exec-10] <------ UserLoginProfileServiceImpl : verifyOtpForRegister (BEGIN) with request => OtpEntityDto(email=john.doe@example.com, otp=706343, description=null) ------>
2025-12-18 23:10:54,488 INFO c.t.s.UserLoginProfileServiceImpl [http-nio-8080-exec-10] <------ UserLoginProfileServiceImpl : verifyOtpForRegister (FAILED) ----->
2025-12-18 23:10:54,488 INFO c.t.c.AuthenticationController [http-nio-8080-exec-10] <------ AuthenticationController : verifyOtpForRegister (FAILED) ------>
2025-12-18 23:11:06,592 INFO c.t.c.AuthenticationController [http-nio-8080-exec-6] <------ AuthenticationController : verifyOtpForRegister (BEGIN) ------>
2025-12-18 23:11:06,592 INFO c.t.c.AuthenticationController [http-nio-8080-exec-6] user's tracking id is : 123e4567-e89b-12d3-a456-426614174000
2025-12-18 23:11:06,595 INFO c.t.s.UserLoginProfileServiceImpl [http-nio-8080-exec-6] <------ UserLoginProfileServiceImpl : verifyOtpForRegister (BEGIN) with request => OtpEntityDto(email=kkarun701@gmail.com, otp=706343, description=null) ------>
2025-12-18 23:11:06,618 INFO c.t.s.UserProfileServiceImpl [http-nio-8080-exec-6] <------ UserProfileServiceImpl : addUser (BEGIN) ------>
2025-12-18 23:11:06,627 INFO c.t.s.UserProfileServiceImpl [http-nio-8080-exec-6] <------ UserProfileServiceImpl : addUser (END) ------>
2025-12-18 23:11:06,639 INFO c.t.s.EmailServiceImpl [http-nio-8080-exec-6] <------ EmailServiceImpl : sendOtp (BEGIN) with request => EmailDto(toEmail=kkarun701@gmail.com, body=Hi [User's Name],

Thanks for registering with [YourAppName]!

Your account has been successfully created. You're now part of a growing community of [your app's purpose – e.g., learners, creators, explorers, etc.].

Here’s what you can do next:
- Log in and explore your dashboard.
- Complete your profile to get personalized recommendations.
- Start using [key feature].

If you have any questions or feedback, we’re just a click away.

Welcome aboard!  
The [YourAppName] Team
, subject=Registration Successfull) ------>
2025-12-18 23:11:16,615 INFO c.t.s.EmailServiceImpl [http-nio-8080-exec-6] <------ EmailServiceImpl : sendOtp (SUCCESS) ------>
2025-12-18 23:11:16,616 INFO c.t.s.UserLoginProfileServiceImpl [http-nio-8080-exec-6] <------ UserLoginProfileServiceImpl : verifyOtpForRegister (END) with response => SUCCESS ----->
2025-12-18 23:11:16,621 INFO c.t.c.AuthenticationController [http-nio-8080-exec-6] <------ AuthenticationController : verifyOtpForRegister (END) ------>
2025-12-18 23:13:32,204 ERROR o.a.j.l.DirectJDKLog [http-nio-8080-exec-10] Servlet.service() for servlet [dispatcherServlet] in context with path [] threw exception [Request processing failed: java.lang.RuntimeException: Some error while decoding the Header] with root cause
java.lang.RuntimeException: Some error while decoding the Header
	at com.tailora.util.Helper.getHeader(Helper.java:153)
	at com.tailora.controller.AuthenticationController.login(AuthenticationController.java:127)
	at java.base/jdk.internal.reflect.NativeMethodAccessorImpl.invoke0(Native Method)
	at java.base/jdk.internal.reflect.NativeMethodAccessorImpl.invoke(NativeMethodAccessorImpl.java:77)
	at java.base/jdk.internal.reflect.DelegatingMethodAccessorImpl.invoke(DelegatingMethodAccessorImpl.java:43)
	at java.base/java.lang.reflect.Method.invoke(Method.java:568)
	at org.springframework.web.method.support.InvocableHandlerMethod.doInvoke(InvocableHandlerMethod.java:258)
	at org.springframework.web.method.support.InvocableHandlerMethod.invokeForRequest(InvocableHandlerMethod.java:191)
	at org.springframework.web.servlet.mvc.method.annotation.ServletInvocableHandlerMethod.invokeAndHandle(ServletInvocableHandlerMethod.java:118)
	at org.springframework.web.servlet.mvc.method.annotation.RequestMappingHandlerAdapter.invokeHandlerMethod(RequestMappingHandlerAdapter.java:986)
	at org.springframework.web.servlet.mvc.method.annotation.RequestMappingHandlerAdapter.handleInternal(RequestMappingHandlerAdapter.java:891)
	at org.springframework.web.servlet.mvc.method.AbstractHandlerMethodAdapter.handle(AbstractHandlerMethodAdapter.java:87)
	at org.springframework.web.servlet.DispatcherServlet.doDispatch(DispatcherServlet.java:1089)
	at org.springframework.web.servlet.DispatcherServlet.doService(DispatcherServlet.java:979)
	at org.springframework.web.servlet.FrameworkServlet.processRequest(FrameworkServlet.java:1014)
	at org.springframework.web.servlet.FrameworkServlet.doPost(FrameworkServlet.java:914)
	at jakarta.servlet.http.HttpServlet.service(HttpServlet.java:590)
	at org.springframework.web.servlet.FrameworkServlet.service(FrameworkServlet.java:885)
	at jakarta.servlet.http.HttpServlet.service(HttpServlet.java:658)
	at org.apache.catalina.core.ApplicationFilterChain.internalDoFilter(ApplicationFilterChain.java:195)
	at org.apache.catalina.core.ApplicationFilterChain.doFilter(ApplicationFilterChain.java:140)
	at org.apache.tomcat.websocket.server.WsFilter.doFilter(WsFilter.java:51)
	at org.apache.catalina.core.ApplicationFilterChain.internalDoFilter(ApplicationFilterChain.java:164)
	at org.apache.catalina.core.ApplicationFilterChain.doFilter(ApplicationFilterChain.java:140)
	at org.springframework.web.filter.OncePerRequestFilter.doFilter(OncePerRequestFilter.java:110)
	at org.apache.catalina.core.ApplicationFilterChain.internalDoFilter(ApplicationFilterChain.java:164)
	at org.apache.catalina.core.ApplicationFilterChain.doFilter(ApplicationFilterChain.java:140)
	at org.springframework.web.filter.CompositeFilter$VirtualFilterChain.doFilter(CompositeFilter.java:108)
	at org.springframework.security.web.FilterChainProxy.lambda$doFilterInternal$3(FilterChainProxy.java:231)
	at org.springframework.security.web.FilterChainProxy$VirtualFilterChain.doFilter(FilterChainProxy.java:365)
	at org.springframework.security.web.access.intercept.AuthorizationFilter.doFilter(AuthorizationFilter.java:101)
	at org.springframework.security.web.FilterChainProxy$VirtualFilterChain.doFilter(FilterChainProxy.java:374)
	at org.springframework.security.web.access.ExceptionTranslationFilter.doFilter(ExceptionTranslationFilter.java:126)
	at org.springframework.security.web.access.ExceptionTranslationFilter.doFilter(ExceptionTranslationFilter.java:120)
	at org.springframework.security.web.FilterChainProxy$VirtualFilterChain.doFilter(FilterChainProxy.java:374)
	at org.springframework.security.web.session.SessionManagementFilter.doFilter(SessionManagementFilter.java:131)
	at org.springframework.security.web.session.SessionManagementFilter.doFilter(SessionManagementFilter.java:85)
	at org.springframework.security.web.FilterChainProxy$VirtualFilterChain.doFilter(FilterChainProxy.java:374)
	at org.springframework.security.web.authentication.AnonymousAuthenticationFilter.doFilter(AnonymousAuthenticationFilter.java:100)
	at org.springframework.security.web.FilterChainProxy$VirtualFilterChain.doFilter(FilterChainProxy.java:374)
	at org.springframework.security.web.servletapi.SecurityContextHolderAwareRequestFilter.doFilter(SecurityContextHolderAwareRequestFilter.java:179)
	at org.springframework.security.web.FilterChainProxy$VirtualFilterChain.doFilter(FilterChainProxy.java:374)
	at org.springframework.security.web.savedrequest.RequestCacheAwareFilter.doFilter(RequestCacheAwareFilter.java:63)
	at org.springframework.security.web.FilterChainProxy$VirtualFilterChain.doFilter(FilterChainProxy.java:374)
	at com.tailora.security.service.AuthTokenFilter.doFilterInternal(AuthTokenFilter.java:53)
	at org.springframework.web.filter.OncePerRequestFilter.doFilter(OncePerRequestFilter.java:116)
	at org.springframework.security.web.FilterChainProxy$VirtualFilterChain.doFilter(FilterChainProxy.java:374)
	at org.springframework.security.web.authentication.logout.LogoutFilter.doFilter(LogoutFilter.java:107)
	at org.springframework.security.web.authentication.logout.LogoutFilter.doFilter(LogoutFilter.java:93)
	at org.springframework.security.web.FilterChainProxy$VirtualFilterChain.doFilter(FilterChainProxy.java:374)
	at org.springframework.security.web.header.HeaderWriterFilter.doHeadersAfter(HeaderWriterFilter.java:90)
	at org.springframework.security.web.header.HeaderWriterFilter.doFilterInternal(HeaderWriterFilter.java:75)
	at org.springframework.web.filter.OncePerRequestFilter.doFilter(OncePerRequestFilter.java:116)
	at org.springframework.security.web.FilterChainProxy$VirtualFilterChain.doFilter(FilterChainProxy.java:374)
	at org.springframework.security.web.context.SecurityContextHolderFilter.doFilter(SecurityContextHolderFilter.java:82)
	at org.springframework.security.web.context.SecurityContextHolderFilter.doFilter(SecurityContextHolderFilter.java:69)
	at org.springframework.security.web.FilterChainProxy$VirtualFilterChain.doFilter(FilterChainProxy.java:374)
	at org.springframework.security.web.context.request.async.WebAsyncManagerIntegrationFilter.doFilterInternal(WebAsyncManagerIntegrationFilter.java:62)
	at org.springframework.web.filter.OncePerRequestFilter.doFilter(OncePerRequestFilter.java:116)
	at org.springframework.security.web.FilterChainProxy$VirtualFilterChain.doFilter(FilterChainProxy.java:374)
	at org.springframework.security.web.session.DisableEncodeUrlFilter.doFilterInternal(DisableEncodeUrlFilter.java:42)
	at org.springframework.web.filter.OncePerRequestFilter.doFilter(OncePerRequestFilter.java:116)
	at org.springframework.security.web.FilterChainProxy$VirtualFilterChain.doFilter(FilterChainProxy.java:374)
	at org.springframework.security.web.FilterChainProxy.doFilterInternal(FilterChainProxy.java:233)
	at org.springframework.security.web.FilterChainProxy.doFilter(FilterChainProxy.java:191)
	at org.springframework.web.filter.CompositeFilter$VirtualFilterChain.doFilter(CompositeFilter.java:113)
	at org.springframework.web.servlet.handler.HandlerMappingIntrospector.lambda$createCacheFilter$3(HandlerMappingIntrospector.java:243)
	at org.springframework.web.filter.CompositeFilter$VirtualFilterChain.doFilter(CompositeFilter.java:113)
	at org.springframework.web.filter.CompositeFilter.doFilter(CompositeFilter.java:74)
	at org.springframework.security.config.annotation.web.configuration.WebMvcSecurityConfiguration$CompositeFilterChainProxy.doFilter(WebMvcSecurityConfiguration.java:238)
	at org.springframework.web.filter.DelegatingFilterProxy.invokeDelegate(DelegatingFilterProxy.java:362)
	at org.springframework.web.filter.DelegatingFilterProxy.doFilter(DelegatingFilterProxy.java:278)
	at org.apache.catalina.core.ApplicationFilterChain.internalDoFilter(ApplicationFilterChain.java:164)
	at org.apache.catalina.core.ApplicationFilterChain.doFilter(ApplicationFilterChain.java:140)
	at org.springframework.web.filter.RequestContextFilter.doFilterInternal(RequestContextFilter.java:100)
	at org.springframework.web.filter.OncePerRequestFilter.doFilter(OncePerRequestFilter.java:116)
	at org.apache.catalina.core.ApplicationFilterChain.internalDoFilter(ApplicationFilterChain.java:164)
	at org.apache.catalina.core.ApplicationFilterChain.doFilter(ApplicationFilterChain.java:140)
	at org.springframework.web.filter.FormContentFilter.doFilterInternal(FormContentFilter.java:93)
	at org.springframework.web.filter.OncePerRequestFilter.doFilter(OncePerRequestFilter.java:116)
	at org.apache.catalina.core.ApplicationFilterChain.internalDoFilter(ApplicationFilterChain.java:164)
	at org.apache.catalina.core.ApplicationFilterChain.doFilter(ApplicationFilterChain.java:140)
	at org.springframework.web.filter.CharacterEncodingFilter.doFilterInternal(CharacterEncodingFilter.java:201)
	at org.springframework.web.filter.OncePerRequestFilter.doFilter(OncePerRequestFilter.java:116)
	at org.apache.catalina.core.ApplicationFilterChain.internalDoFilter(ApplicationFilterChain.java:164)
	at org.apache.catalina.core.ApplicationFilterChain.doFilter(ApplicationFilterChain.java:140)
	at org.apache.catalina.core.StandardWrapperValve.invoke(StandardWrapperValve.java:167)
	at org.apache.catalina.core.StandardContextValve.invoke(StandardContextValve.java:90)
	at org.apache.catalina.authenticator.AuthenticatorBase.invoke(AuthenticatorBase.java:483)
	at org.apache.catalina.core.StandardHostValve.invoke(StandardHostValve.java:116)
	at org.apache.catalina.valves.ErrorReportValve.invoke(ErrorReportValve.java:93)
	at org.apache.catalina.core.StandardEngineValve.invoke(StandardEngineValve.java:74)
	at org.apache.catalina.connector.CoyoteAdapter.service(CoyoteAdapter.java:344)
	at org.apache.coyote.http11.Http11Processor.service(Http11Processor.java:398)
	at org.apache.coyote.AbstractProcessorLight.process(AbstractProcessorLight.java:63)
	at org.apache.coyote.AbstractProtocol$ConnectionHandler.process(AbstractProtocol.java:903)
	at org.apache.tomcat.util.net.NioEndpoint$SocketProcessor.doRun(NioEndpoint.java:1740)
	at org.apache.tomcat.util.net.SocketProcessorBase.run(SocketProcessorBase.java:52)
	at org.apache.tomcat.util.threads.ThreadPoolExecutor.runWorker(ThreadPoolExecutor.java:1189)
	at org.apache.tomcat.util.threads.ThreadPoolExecutor$Worker.run(ThreadPoolExecutor.java:658)
	at org.apache.tomcat.util.threads.TaskThread$WrappingRunnable.run(TaskThread.java:63)
	at java.base/java.lang.Thread.run(Thread.java:833)
2025-12-18 23:13:32,213 ERROR c.t.s.s.AuthEntryPointJwt [http-nio-8080-exec-10] Unauthorized error: Full authentication is required to access this resource
2025-12-18 23:13:52,502 ERROR o.a.j.l.DirectJDKLog [http-nio-8080-exec-2] Servlet.service() for servlet [dispatcherServlet] in context with path [] threw exception [Request processing failed: java.lang.RuntimeException: Some error while decoding the Header] with root cause
java.lang.RuntimeException: Some error while decoding the Header
	at com.tailora.util.Helper.getHeader(Helper.java:153)
	at com.tailora.controller.AuthenticationController.login(AuthenticationController.java:127)
	at java.base/jdk.internal.reflect.NativeMethodAccessorImpl.invoke0(Native Method)
	at java.base/jdk.internal.reflect.NativeMethodAccessorImpl.invoke(NativeMethodAccessorImpl.java:77)
	at java.base/jdk.internal.reflect.DelegatingMethodAccessorImpl.invoke(DelegatingMethodAccessorImpl.java:43)
	at java.base/java.lang.reflect.Method.invoke(Method.java:568)
	at org.springframework.web.method.support.InvocableHandlerMethod.doInvoke(InvocableHandlerMethod.java:258)
	at org.springframework.web.method.support.InvocableHandlerMethod.invokeForRequest(InvocableHandlerMethod.java:191)
	at org.springframework.web.servlet.mvc.method.annotation.ServletInvocableHandlerMethod.invokeAndHandle(ServletInvocableHandlerMethod.java:118)
	at org.springframework.web.servlet.mvc.method.annotation.RequestMappingHandlerAdapter.invokeHandlerMethod(RequestMappingHandlerAdapter.java:986)
	at org.springframework.web.servlet.mvc.method.annotation.RequestMappingHandlerAdapter.handleInternal(RequestMappingHandlerAdapter.java:891)
	at org.springframework.web.servlet.mvc.method.AbstractHandlerMethodAdapter.handle(AbstractHandlerMethodAdapter.java:87)
	at org.springframework.web.servlet.DispatcherServlet.doDispatch(DispatcherServlet.java:1089)
	at org.springframework.web.servlet.DispatcherServlet.doService(DispatcherServlet.java:979)
	at org.springframework.web.servlet.FrameworkServlet.processRequest(FrameworkServlet.java:1014)
	at org.springframework.web.servlet.FrameworkServlet.doPost(FrameworkServlet.java:914)
	at jakarta.servlet.http.HttpServlet.service(HttpServlet.java:590)
	at org.springframework.web.servlet.FrameworkServlet.service(FrameworkServlet.java:885)
	at jakarta.servlet.http.HttpServlet.service(HttpServlet.java:658)
	at org.apache.catalina.core.ApplicationFilterChain.internalDoFilter(ApplicationFilterChain.java:195)
	at org.apache.catalina.core.ApplicationFilterChain.doFilter(ApplicationFilterChain.java:140)
	at org.apache.tomcat.websocket.server.WsFilter.doFilter(WsFilter.java:51)
	at org.apache.catalina.core.ApplicationFilterChain.internalDoFilter(ApplicationFilterChain.java:164)
	at org.apache.catalina.core.ApplicationFilterChain.doFilter(ApplicationFilterChain.java:140)
	at org.springframework.web.filter.OncePerRequestFilter.doFilter(OncePerRequestFilter.java:110)
	at org.apache.catalina.core.ApplicationFilterChain.internalDoFilter(ApplicationFilterChain.java:164)
	at org.apache.catalina.core.ApplicationFilterChain.doFilter(ApplicationFilterChain.java:140)
	at org.springframework.web.filter.CompositeFilter$VirtualFilterChain.doFilter(CompositeFilter.java:108)
	at org.springframework.security.web.FilterChainProxy.lambda$doFilterInternal$3(FilterChainProxy.java:231)
	at org.springframework.security.web.FilterChainProxy$VirtualFilterChain.doFilter(FilterChainProxy.java:365)
	at org.springframework.security.web.access.intercept.AuthorizationFilter.doFilter(AuthorizationFilter.java:101)
	at org.springframework.security.web.FilterChainProxy$VirtualFilterChain.doFilter(FilterChainProxy.java:374)
	at org.springframework.security.web.access.ExceptionTranslationFilter.doFilter(ExceptionTranslationFilter.java:126)
	at org.springframework.security.web.access.ExceptionTranslationFilter.doFilter(ExceptionTranslationFilter.java:120)
	at org.springframework.security.web.FilterChainProxy$VirtualFilterChain.doFilter(FilterChainProxy.java:374)
	at org.springframework.security.web.session.SessionManagementFilter.doFilter(SessionManagementFilter.java:131)
	at org.springframework.security.web.session.SessionManagementFilter.doFilter(SessionManagementFilter.java:85)
	at org.springframework.security.web.FilterChainProxy$VirtualFilterChain.doFilter(FilterChainProxy.java:374)
	at org.springframework.security.web.authentication.AnonymousAuthenticationFilter.doFilter(AnonymousAuthenticationFilter.java:100)
	at org.springframework.security.web.FilterChainProxy$VirtualFilterChain.doFilter(FilterChainProxy.java:374)
	at org.springframework.security.web.servletapi.SecurityContextHolderAwareRequestFilter.doFilter(SecurityContextHolderAwareRequestFilter.java:179)
	at org.springframework.security.web.FilterChainProxy$VirtualFilterChain.doFilter(FilterChainProxy.java:374)
	at org.springframework.security.web.savedrequest.RequestCacheAwareFilter.doFilter(RequestCacheAwareFilter.java:63)
	at org.springframework.security.web.FilterChainProxy$VirtualFilterChain.doFilter(FilterChainProxy.java:374)
	at com.tailora.security.service.AuthTokenFilter.doFilterInternal(AuthTokenFilter.java:53)
	at org.springframework.web.filter.OncePerRequestFilter.doFilter(OncePerRequestFilter.java:116)
	at org.springframework.security.web.FilterChainProxy$VirtualFilterChain.doFilter(FilterChainProxy.java:374)
	at org.springframework.security.web.authentication.logout.LogoutFilter.doFilter(LogoutFilter.java:107)
	at org.springframework.security.web.authentication.logout.LogoutFilter.doFilter(LogoutFilter.java:93)
	at org.springframework.security.web.FilterChainProxy$VirtualFilterChain.doFilter(FilterChainProxy.java:374)
	at org.springframework.security.web.header.HeaderWriterFilter.doHeadersAfter(HeaderWriterFilter.java:90)
	at org.springframework.security.web.header.HeaderWriterFilter.doFilterInternal(HeaderWriterFilter.java:75)
	at org.springframework.web.filter.OncePerRequestFilter.doFilter(OncePerRequestFilter.java:116)
	at org.springframework.security.web.FilterChainProxy$VirtualFilterChain.doFilter(FilterChainProxy.java:374)
	at org.springframework.security.web.context.SecurityContextHolderFilter.doFilter(SecurityContextHolderFilter.java:82)
	at org.springframework.security.web.context.SecurityContextHolderFilter.doFilter(SecurityContextHolderFilter.java:69)
	at org.springframework.security.web.FilterChainProxy$VirtualFilterChain.doFilter(FilterChainProxy.java:374)
	at org.springframework.security.web.context.request.async.WebAsyncManagerIntegrationFilter.doFilterInternal(WebAsyncManagerIntegrationFilter.java:62)
	at org.springframework.web.filter.OncePerRequestFilter.doFilter(OncePerRequestFilter.java:116)
	at org.springframework.security.web.FilterChainProxy$VirtualFilterChain.doFilter(FilterChainProxy.java:374)
	at org.springframework.security.web.session.DisableEncodeUrlFilter.doFilterInternal(DisableEncodeUrlFilter.java:42)
	at org.springframework.web.filter.OncePerRequestFilter.doFilter(OncePerRequestFilter.java:116)
	at org.springframework.security.web.FilterChainProxy$VirtualFilterChain.doFilter(FilterChainProxy.java:374)
	at org.springframework.security.web.FilterChainProxy.doFilterInternal(FilterChainProxy.java:233)
	at org.springframework.security.web.FilterChainProxy.doFilter(FilterChainProxy.java:191)
	at org.springframework.web.filter.CompositeFilter$VirtualFilterChain.doFilter(CompositeFilter.java:113)
	at org.springframework.web.servlet.handler.HandlerMappingIntrospector.lambda$createCacheFilter$3(HandlerMappingIntrospector.java:243)
	at org.springframework.web.filter.CompositeFilter$VirtualFilterChain.doFilter(CompositeFilter.java:113)
	at org.springframework.web.filter.CompositeFilter.doFilter(CompositeFilter.java:74)
	at org.springframework.security.config.annotation.web.configuration.WebMvcSecurityConfiguration$CompositeFilterChainProxy.doFilter(WebMvcSecurityConfiguration.java:238)
	at org.springframework.web.filter.DelegatingFilterProxy.invokeDelegate(DelegatingFilterProxy.java:362)
	at org.springframework.web.filter.DelegatingFilterProxy.doFilter(DelegatingFilterProxy.java:278)
	at org.apache.catalina.core.ApplicationFilterChain.internalDoFilter(ApplicationFilterChain.java:164)
	at org.apache.catalina.core.ApplicationFilterChain.doFilter(ApplicationFilterChain.java:140)
	at org.springframework.web.filter.RequestContextFilter.doFilterInternal(RequestContextFilter.java:100)
	at org.springframework.web.filter.OncePerRequestFilter.doFilter(OncePerRequestFilter.java:116)
	at org.apache.catalina.core.ApplicationFilterChain.internalDoFilter(ApplicationFilterChain.java:164)
	at org.apache.catalina.core.ApplicationFilterChain.doFilter(ApplicationFilterChain.java:140)
	at org.springframework.web.filter.FormContentFilter.doFilterInternal(FormContentFilter.java:93)
	at org.springframework.web.filter.OncePerRequestFilter.doFilter(OncePerRequestFilter.java:116)
	at org.apache.catalina.core.ApplicationFilterChain.internalDoFilter(ApplicationFilterChain.java:164)
	at org.apache.catalina.core.ApplicationFilterChain.doFilter(ApplicationFilterChain.java:140)
	at org.springframework.web.filter.CharacterEncodingFilter.doFilterInternal(CharacterEncodingFilter.java:201)
	at org.springframework.web.filter.OncePerRequestFilter.doFilter(OncePerRequestFilter.java:116)
	at org.apache.catalina.core.ApplicationFilterChain.internalDoFilter(ApplicationFilterChain.java:164)
	at org.apache.catalina.core.ApplicationFilterChain.doFilter(ApplicationFilterChain.java:140)
	at org.apache.catalina.core.StandardWrapperValve.invoke(StandardWrapperValve.java:167)
	at org.apache.catalina.core.StandardContextValve.invoke(StandardContextValve.java:90)
	at org.apache.catalina.authenticator.AuthenticatorBase.invoke(AuthenticatorBase.java:483)
	at org.apache.catalina.core.StandardHostValve.invoke(StandardHostValve.java:116)
	at org.apache.catalina.valves.ErrorReportValve.invoke(ErrorReportValve.java:93)
	at org.apache.catalina.core.StandardEngineValve.invoke(StandardEngineValve.java:74)
	at org.apache.catalina.connector.CoyoteAdapter.service(CoyoteAdapter.java:344)
	at org.apache.coyote.http11.Http11Processor.service(Http11Processor.java:398)
	at org.apache.coyote.AbstractProcessorLight.process(AbstractProcessorLight.java:63)
	at org.apache.coyote.AbstractProtocol$ConnectionHandler.process(AbstractProtocol.java:903)
	at org.apache.tomcat.util.net.NioEndpoint$SocketProcessor.doRun(NioEndpoint.java:1740)
	at org.apache.tomcat.util.net.SocketProcessorBase.run(SocketProcessorBase.java:52)
	at org.apache.tomcat.util.threads.ThreadPoolExecutor.runWorker(ThreadPoolExecutor.java:1189)
	at org.apache.tomcat.util.threads.ThreadPoolExecutor$Worker.run(ThreadPoolExecutor.java:658)
	at org.apache.tomcat.util.threads.TaskThread$WrappingRunnable.run(TaskThread.java:63)
	at java.base/java.lang.Thread.run(Thread.java:833)
2025-12-18 23:13:52,503 ERROR c.t.s.s.AuthEntryPointJwt [http-nio-8080-exec-2] Unauthorized error: Full authentication is required to access this resource
2025-12-18 23:14:42,681 INFO c.t.c.AuthenticationController [http-nio-8080-exec-9] <------ AuthenticationController : login (BEGIN) ------>
2025-12-18 23:14:42,685 INFO c.t.c.AuthenticationController [http-nio-8080-exec-9] user's tracking id is : abcd1234-5678-90ef-ghij-klmnopqrstuv
2025-12-18 23:14:42,686 INFO c.t.s.UserLoginProfileServiceImpl [http-nio-8080-exec-9] <------ UserLoginProfileServiceImpl : login (BEGIN) with request => LoginRequest(email=kkarun701@gmail.com, password=SecureP@ss123) ------>
2025-12-18 23:14:42,767 INFO c.t.c.AuthenticationController [http-nio-8080-exec-9] <------ AuthenticationController : login (FAILED) ------>
2025-12-18 23:15:16,097 INFO o.s.b.a.SpringApplicationAdminMXBeanRegistrar$SpringApplicationAdmin [RMI TCP Connection(9)-127.0.0.1] Application shutdown requested.
2025-12-18 23:15:16,100 INFO o.s.b.w.e.t.GracefulShutdown [RMI TCP Connection(9)-127.0.0.1] Commencing graceful shutdown. Waiting for active requests to complete
2025-12-18 23:15:16,102 INFO o.a.j.l.DirectJDKLog [tomcat-shutdown] Pausing ProtocolHandler ["http-nio-8080"]
2025-12-18 23:15:16,104 INFO o.s.b.w.e.t.GracefulShutdown [tomcat-shutdown] Graceful shutdown complete
2025-12-18 23:15:16,105 INFO o.a.j.l.DirectJDKLog [RMI TCP Connection(9)-127.0.0.1] Stopping ProtocolHandler ["http-nio-8080"]
2025-12-18 23:15:16,113 INFO o.s.o.j.AbstractEntityManagerFactoryBean [RMI TCP Connection(9)-127.0.0.1] Closing JPA EntityManagerFactory for persistence unit 'default'
2025-12-18 23:15:16,117 INFO c.z.h.HikariDataSource [RMI TCP Connection(9)-127.0.0.1] HikariPool-1 - Shutdown initiated...
2025-12-18 23:15:16,120 INFO c.z.h.HikariDataSource [RMI TCP Connection(9)-127.0.0.1] HikariPool-1 - Shutdown completed.
2025-12-18 23:15:17,233 INFO o.h.v.i.u.Version [background-preinit] HV000001: Hibernate Validator 8.0.2.Final
2025-12-18 23:15:17,261 INFO o.s.b.StartupInfoLogger [restartedMain] Starting TailoraApplication using Java 17.0.1 with PID 11023 (/Userdisk/workspaces/P_Projects/Tailora/target/classes started by karunkumar in /Userdisk/workspaces/P_Projects/Tailora)
2025-12-18 23:15:17,262 INFO o.s.b.SpringApplication [restartedMain] The following 1 profile is active: "dev"
2025-12-18 23:15:17,282 INFO o.s.b.l.DeferredLog [restartedMain] Devtools property defaults active! Set 'spring.devtools.add-properties' to 'false' to disable
2025-12-18 23:15:17,282 INFO o.s.b.l.DeferredLog [restartedMain] For additional web related logging consider setting the 'logging.level.web' property to 'DEBUG'
2025-12-18 23:15:17,750 INFO o.s.d.r.c.RepositoryConfigurationDelegate [restartedMain] Bootstrapping Spring Data JPA repositories in DEFAULT mode.
2025-12-18 23:15:17,787 INFO o.s.d.r.c.RepositoryConfigurationDelegate [restartedMain] Finished Spring Data repository scanning in 32 ms. Found 7 JPA repository interfaces.
2025-12-18 23:15:18,107 INFO o.s.b.w.e.t.TomcatWebServer [restartedMain] Tomcat initialized with port 8080 (http)
2025-12-18 23:15:18,114 INFO o.a.j.l.DirectJDKLog [restartedMain] Initializing ProtocolHandler ["http-nio-8080"]
2025-12-18 23:15:18,115 INFO o.a.j.l.DirectJDKLog [restartedMain] Starting service [Tomcat]
2025-12-18 23:15:18,116 INFO o.a.j.l.DirectJDKLog [restartedMain] Starting Servlet engine: [Apache Tomcat/10.1.40]
2025-12-18 23:15:18,138 INFO o.a.j.l.DirectJDKLog [restartedMain] Initializing Spring embedded WebApplicationContext
2025-12-18 23:15:18,138 INFO o.s.b.w.s.c.ServletWebServerApplicationContext [restartedMain] Root WebApplicationContext: initialization completed in 856 ms
2025-12-18 23:15:18,219 INFO o.h.j.i.u.LogHelper [restartedMain] HHH000204: Processing PersistenceUnitInfo [name: default]
2025-12-18 23:15:18,248 INFO o.h.Version [restartedMain] HHH000412: Hibernate ORM core version 6.6.13.Final
2025-12-18 23:15:18,264 INFO o.h.c.i.RegionFactoryInitiator [restartedMain] HHH000026: Second-level cache disabled
2025-12-18 23:15:18,381 INFO o.s.o.j.p.SpringPersistenceUnitInfo [restartedMain] No LoadTimeWeaver setup: ignoring JPA class transformer
2025-12-18 23:15:18,394 INFO c.z.h.HikariDataSource [restartedMain] HikariPool-1 - Starting...
2025-12-18 23:15:18,527 INFO c.z.h.p.HikariPool [restartedMain] HikariPool-1 - Added connection conn0: url=jdbc:h2:file:/Userdisk/workspaces/P_Projects/Tailora/src/main/resources/tailora_db user=ROOT
2025-12-18 23:15:18,528 INFO c.z.h.HikariDataSource [restartedMain] HikariPool-1 - Start completed.
2025-12-18 23:15:18,539 WARN o.h.e.j.d.i.DialectFactoryImpl [restartedMain] HHH90000025: H2Dialect does not need to be specified explicitly using 'hibernate.dialect' (remove the property setting and it will be selected by default)
2025-12-18 23:15:18,551 INFO o.h.e.j.e.i.JdbcEnvironmentInitiator [restartedMain] HHH10001005: Database info:
	Database JDBC URL [Connecting through datasource 'HikariDataSource (HikariPool-1)']
	Database driver: undefined/unknown
	Database version: 2.3.232
	Autocommit mode: undefined/unknown
	Isolation level: undefined/unknown
	Minimum pool size: undefined/unknown
	Maximum pool size: undefined/unknown
2025-12-18 23:15:19,073 INFO o.h.e.t.j.p.i.JtaPlatformInitiator [restartedMain] HHH000489: No JTA platform available (set 'hibernate.transaction.jta.platform' to enable JTA platform integration)
2025-12-18 23:15:19,097 INFO o.s.o.j.AbstractEntityManagerFactoryBean [restartedMain] Initialized JPA EntityManagerFactory for persistence unit 'default'
2025-12-18 23:15:19,305 INFO o.s.d.j.r.q.QueryEnhancerFactory [restartedMain] Hibernate is in classpath; If applicable, HQL parser will be used.
2025-12-18 23:15:19,562 INFO o.s.s.c.a.a.c.InitializeAuthenticationProviderBeanManagerConfigurer$InitializeAuthenticationProviderManagerConfigurer [restartedMain] Global AuthenticationManager configured with AuthenticationProvider bean with name authenticationProvider
2025-12-18 23:15:19,562 WARN o.s.s.c.a.a.c.InitializeUserDetailsBeanManagerConfigurer$InitializeUserDetailsManagerConfigurer [restartedMain] Global AuthenticationManager configured with an AuthenticationProvider bean. UserDetailsService beans will not be used by Spring Security for automatically configuring username/password login. Consider removing the AuthenticationProvider bean. Alternatively, consider using the UserDetailsService in a manually instantiated DaoAuthenticationProvider. If the current configuration is intentional, to turn off this warning, increase the logging level of 'org.springframework.security.config.annotation.authentication.configuration.InitializeUserDetailsBeanManagerConfigurer' to ERROR
2025-12-18 23:15:19,653 WARN o.s.b.a.o.j.JpaBaseConfiguration$JpaWebConfiguration [restartedMain] spring.jpa.open-in-view is enabled by default. Therefore, database queries may be performed during view rendering. Explicitly configure spring.jpa.open-in-view to disable this warning
2025-12-18 23:15:19,999 INFO o.s.b.a.h.H2ConsoleAutoConfiguration$H2ConsoleLogger [restartedMain] H2 console available at '/h2-console'. Database available at 'jdbc:h2:file:/Userdisk/workspaces/P_Projects/Tailora/src/main/resources/tailora_db'
2025-12-18 23:15:20,029 WARN o.s.s.c.a.w.b.WebSecurity [restartedMain] You are asking Spring Security to ignore Ant [pattern='/h2-console/**']. This is not recommended -- please use permitAll via HttpSecurity#authorizeHttpRequests instead.
2025-12-18 23:15:20,056 INFO o.s.b.d.a.OptionalLiveReloadServer [restartedMain] LiveReload server is running on port 35729
2025-12-18 23:15:20,072 INFO o.a.j.l.DirectJDKLog [restartedMain] Starting ProtocolHandler ["http-nio-8080"]
2025-12-18 23:15:20,080 INFO o.s.b.w.e.t.TomcatWebServer [restartedMain] Tomcat started on port 8080 (http) with context path '/'
2025-12-18 23:15:20,087 INFO o.s.b.StartupInfoLogger [restartedMain] Started TailoraApplication in 3.091 seconds (process running for 3.407)
2025-12-18 23:15:23,805 INFO o.a.j.l.DirectJDKLog [http-nio-8080-exec-2] Initializing Spring DispatcherServlet 'dispatcherServlet'
2025-12-18 23:15:23,805 INFO o.s.w.s.FrameworkServlet [http-nio-8080-exec-2] Initializing Servlet 'dispatcherServlet'
2025-12-18 23:15:23,806 INFO o.s.w.s.FrameworkServlet [http-nio-8080-exec-2] Completed initialization in 1 ms
2025-12-18 23:15:23,880 INFO c.t.c.AuthenticationController [http-nio-8080-exec-2] <------ AuthenticationController : login (BEGIN) ------>
2025-12-18 23:15:23,888 INFO c.t.c.AuthenticationController [http-nio-8080-exec-2] user's tracking id is : abcd1234-5678-90ef-ghij-klmnopqrstuv
2025-12-18 23:15:23,888 INFO c.t.s.UserLoginProfileServiceImpl [http-nio-8080-exec-2] <------ UserLoginProfileServiceImpl : login (BEGIN) with request => LoginRequest(email=kkarun701@gmail.com, password=SecureP@ss123) ------>
2025-12-18 23:15:24,030 INFO c.t.c.AuthenticationController [http-nio-8080-exec-2] <------ AuthenticationController : login (FAILED) ------>
2025-12-18 23:15:37,264 INFO o.s.b.a.SpringApplicationAdminMXBeanRegistrar$SpringApplicationAdmin [RMI TCP Connection(2)-127.0.0.1] Application shutdown requested.
2025-12-18 23:15:37,269 INFO o.s.b.w.e.t.GracefulShutdown [RMI TCP Connection(2)-127.0.0.1] Commencing graceful shutdown. Waiting for active requests to complete
2025-12-18 23:15:37,271 INFO o.a.j.l.DirectJDKLog [tomcat-shutdown] Pausing ProtocolHandler ["http-nio-8080"]
2025-12-18 23:15:37,276 INFO o.s.b.w.e.t.GracefulShutdown [tomcat-shutdown] Graceful shutdown complete
2025-12-18 23:15:37,277 INFO o.a.j.l.DirectJDKLog [RMI TCP Connection(2)-127.0.0.1] Stopping ProtocolHandler ["http-nio-8080"]
2025-12-18 23:15:37,284 INFO o.s.o.j.AbstractEntityManagerFactoryBean [RMI TCP Connection(2)-127.0.0.1] Closing JPA EntityManagerFactory for persistence unit 'default'
2025-12-18 23:15:37,289 INFO c.z.h.HikariDataSource [RMI TCP Connection(2)-127.0.0.1] HikariPool-1 - Shutdown initiated...
2025-12-18 23:15:37,329 INFO c.z.h.HikariDataSource [RMI TCP Connection(2)-127.0.0.1] HikariPool-1 - Shutdown completed.
2025-12-18 23:15:38,380 INFO o.h.v.i.u.Version [background-preinit] HV000001: Hibernate Validator 8.0.2.Final
2025-12-18 23:15:38,397 INFO o.s.b.StartupInfoLogger [restartedMain] Starting TailoraApplication using Java 17.0.1 with PID 11115 (/Userdisk/workspaces/P_Projects/Tailora/target/classes started by karunkumar in /Userdisk/workspaces/P_Projects/Tailora)
2025-12-18 23:15:38,398 INFO o.s.b.SpringApplication [restartedMain] The following 1 profile is active: "dev"
2025-12-18 23:15:38,424 INFO o.s.b.l.DeferredLog [restartedMain] Devtools property defaults active! Set 'spring.devtools.add-properties' to 'false' to disable
2025-12-18 23:15:38,424 INFO o.s.b.l.DeferredLog [restartedMain] For additional web related logging consider setting the 'logging.level.web' property to 'DEBUG'
2025-12-18 23:15:38,922 INFO o.s.d.r.c.RepositoryConfigurationDelegate [restartedMain] Bootstrapping Spring Data JPA repositories in DEFAULT mode.
2025-12-18 23:15:38,970 INFO o.s.d.r.c.RepositoryConfigurationDelegate [restartedMain] Finished Spring Data repository scanning in 39 ms. Found 7 JPA repository interfaces.
2025-12-18 23:15:39,308 INFO o.s.b.w.e.t.TomcatWebServer [restartedMain] Tomcat initialized with port 8080 (http)
2025-12-18 23:15:39,315 INFO o.a.j.l.DirectJDKLog [restartedMain] Initializing ProtocolHandler ["http-nio-8080"]
2025-12-18 23:15:39,316 INFO o.a.j.l.DirectJDKLog [restartedMain] Starting service [Tomcat]
2025-12-18 23:15:39,316 INFO o.a.j.l.DirectJDKLog [restartedMain] Starting Servlet engine: [Apache Tomcat/10.1.40]
2025-12-18 23:15:39,339 INFO o.a.j.l.DirectJDKLog [restartedMain] Initializing Spring embedded WebApplicationContext
2025-12-18 23:15:39,340 INFO o.s.b.w.s.c.ServletWebServerApplicationContext [restartedMain] Root WebApplicationContext: initialization completed in 915 ms
2025-12-18 23:15:39,424 INFO o.h.j.i.u.LogHelper [restartedMain] HHH000204: Processing PersistenceUnitInfo [name: default]
2025-12-18 23:15:39,449 INFO o.h.Version [restartedMain] HHH000412: Hibernate ORM core version 6.6.13.Final
2025-12-18 23:15:39,465 INFO o.h.c.i.RegionFactoryInitiator [restartedMain] HHH000026: Second-level cache disabled
2025-12-18 23:15:39,593 INFO o.s.o.j.p.SpringPersistenceUnitInfo [restartedMain] No LoadTimeWeaver setup: ignoring JPA class transformer
2025-12-18 23:15:39,607 INFO c.z.h.HikariDataSource [restartedMain] HikariPool-1 - Starting...
2025-12-18 23:15:39,709 INFO c.z.h.p.HikariPool [restartedMain] HikariPool-1 - Added connection conn0: url=jdbc:h2:file:/Userdisk/workspaces/P_Projects/Tailora/src/main/resources/tailora_db user=ROOT
2025-12-18 23:15:39,710 INFO c.z.h.HikariDataSource [restartedMain] HikariPool-1 - Start completed.
2025-12-18 23:15:39,722 WARN o.h.e.j.d.i.DialectFactoryImpl [restartedMain] HHH90000025: H2Dialect does not need to be specified explicitly using 'hibernate.dialect' (remove the property setting and it will be selected by default)
2025-12-18 23:15:39,734 INFO o.h.e.j.e.i.JdbcEnvironmentInitiator [restartedMain] HHH10001005: Database info:
	Database JDBC URL [Connecting through datasource 'HikariDataSource (HikariPool-1)']
	Database driver: undefined/unknown
	Database version: 2.3.232
	Autocommit mode: undefined/unknown
	Isolation level: undefined/unknown
	Minimum pool size: undefined/unknown
	Maximum pool size: undefined/unknown
2025-12-18 23:15:40,288 INFO o.h.e.t.j.p.i.JtaPlatformInitiator [restartedMain] HHH000489: No JTA platform available (set 'hibernate.transaction.jta.platform' to enable JTA platform integration)
2025-12-18 23:15:40,323 INFO o.s.o.j.AbstractEntityManagerFactoryBean [restartedMain] Initialized JPA EntityManagerFactory for persistence unit 'default'
2025-12-18 23:15:40,541 INFO o.s.d.j.r.q.QueryEnhancerFactory [restartedMain] Hibernate is in classpath; If applicable, HQL parser will be used.
2025-12-18 23:15:40,792 INFO o.s.s.c.a.a.c.InitializeAuthenticationProviderBeanManagerConfigurer$InitializeAuthenticationProviderManagerConfigurer [restartedMain] Global AuthenticationManager configured with AuthenticationProvider bean with name authenticationProvider
2025-12-18 23:15:40,792 WARN o.s.s.c.a.a.c.InitializeUserDetailsBeanManagerConfigurer$InitializeUserDetailsManagerConfigurer [restartedMain] Global AuthenticationManager configured with an AuthenticationProvider bean. UserDetailsService beans will not be used by Spring Security for automatically configuring username/password login. Consider removing the AuthenticationProvider bean. Alternatively, consider using the UserDetailsService in a manually instantiated DaoAuthenticationProvider. If the current configuration is intentional, to turn off this warning, increase the logging level of 'org.springframework.security.config.annotation.authentication.configuration.InitializeUserDetailsBeanManagerConfigurer' to ERROR
2025-12-18 23:15:40,894 WARN o.s.b.a.o.j.JpaBaseConfiguration$JpaWebConfiguration [restartedMain] spring.jpa.open-in-view is enabled by default. Therefore, database queries may be performed during view rendering. Explicitly configure spring.jpa.open-in-view to disable this warning
2025-12-18 23:15:41,211 INFO o.s.b.a.h.H2ConsoleAutoConfiguration$H2ConsoleLogger [restartedMain] H2 console available at '/h2-console'. Database available at 'jdbc:h2:file:/Userdisk/workspaces/P_Projects/Tailora/src/main/resources/tailora_db'
2025-12-18 23:15:41,240 WARN o.s.s.c.a.w.b.WebSecurity [restartedMain] You are asking Spring Security to ignore Ant [pattern='/h2-console/**']. This is not recommended -- please use permitAll via HttpSecurity#authorizeHttpRequests instead.
2025-12-18 23:15:41,267 INFO o.s.b.d.a.OptionalLiveReloadServer [restartedMain] LiveReload server is running on port 35729
2025-12-18 23:15:41,282 INFO o.a.j.l.DirectJDKLog [restartedMain] Starting ProtocolHandler ["http-nio-8080"]
2025-12-18 23:15:41,290 INFO o.s.b.w.e.t.TomcatWebServer [restartedMain] Tomcat started on port 8080 (http) with context path '/'
2025-12-18 23:15:41,296 INFO o.s.b.StartupInfoLogger [restartedMain] Started TailoraApplication in 3.145 seconds (process running for 3.453)
2025-12-18 23:15:51,368 INFO o.a.j.l.DirectJDKLog [http-nio-8080-exec-1] Initializing Spring DispatcherServlet 'dispatcherServlet'
2025-12-18 23:15:51,368 INFO o.s.w.s.FrameworkServlet [http-nio-8080-exec-1] Initializing Servlet 'dispatcherServlet'
2025-12-18 23:15:51,369 INFO o.s.w.s.FrameworkServlet [http-nio-8080-exec-1] Completed initialization in 1 ms
2025-12-18 23:15:51,454 INFO c.t.c.AuthenticationController [http-nio-8080-exec-1] <------ AuthenticationController : register (BEGIN) ------>
2025-12-18 23:15:51,463 INFO c.t.c.AuthenticationController [http-nio-8080-exec-1] user's tracking id is : abcd1234-5678-90ef-ghij-klmnopqrstuv
2025-12-18 23:15:51,464 INFO c.t.s.UserLoginProfileServiceImpl [http-nio-8080-exec-1] <------ UserLoginProfileServiceImpl : register (BEGIN) with request => SignupRequest(username=john_dose, email=kkarun701@gmail.com, password=SecureP@ss123, mobilenumber=9876543201) ------>
2025-12-18 23:15:51,647 INFO c.t.s.EmailServiceImpl [http-nio-8080-exec-1] <------ EmailServiceImpl : sendOtp (BEGIN) with request => EmailDto(toEmail=kkarun701@gmail.com, body=null, subject=One Time Password for your Regsistration) ------>
2025-12-18 23:15:51,651 INFO c.t.s.EmailServiceImpl [http-nio-8080-exec-1] <------ EmailServiceImpl : sendOtp otp => 997581 ------>
2025-12-18 23:15:51,652 INFO c.t.s.OtpEntityServiceImpl [http-nio-8080-exec-1] <------ OtpEntityServiceImpl : saveOtp (BEGIN) with request => OtpEntity(email=kkarun701@gmail.com, otp=997581, description=One Time Password for your Regsistration) ------>
2025-12-18 23:15:51,654 INFO c.t.s.OtpEntityServiceImpl [http-nio-8080-exec-1] <------ OtpEntityServiceImpl : saveOtp (END) ------>
2025-12-18 23:16:02,132 INFO c.t.s.EmailServiceImpl [http-nio-8080-exec-1] <------ EmailServiceImpl : sendOtp (SUCCESS) ------>
2025-12-18 23:16:02,133 INFO c.t.s.UserLoginProfileServiceImpl [http-nio-8080-exec-1] <------ UserLoginProfileServiceImpl : register (END) ----->
2025-12-18 23:16:02,133 INFO c.t.c.AuthenticationController [http-nio-8080-exec-1] <------ AuthenticationController : register (END) ------>
2025-12-18 23:16:25,624 INFO c.t.c.AuthenticationController [http-nio-8080-exec-3] <------ AuthenticationController : verifyOtpForRegister (BEGIN) ------>
2025-12-18 23:16:25,627 INFO c.t.c.AuthenticationController [http-nio-8080-exec-3] user's tracking id is : 123e4567-e89b-12d3-a456-426614174000
2025-12-18 23:16:25,630 INFO c.t.s.UserLoginProfileServiceImpl [http-nio-8080-exec-3] <------ UserLoginProfileServiceImpl : verifyOtpForRegister (BEGIN) with request => OtpEntityDto(email=kkarun701@gmail.com, otp=997581, description=null) ------>
2025-12-18 23:16:25,647 INFO c.t.s.UserProfileServiceImpl [http-nio-8080-exec-3] <------ UserProfileServiceImpl : addUser (BEGIN) ------>
2025-12-18 23:16:25,653 INFO c.t.s.UserProfileServiceImpl [http-nio-8080-exec-3] <------ UserProfileServiceImpl : addUser (END) ------>
2025-12-18 23:16:25,665 INFO c.t.s.EmailServiceImpl [http-nio-8080-exec-3] <------ EmailServiceImpl : sendOtp (BEGIN) with request => EmailDto(toEmail=kkarun701@gmail.com, body=Hi [User's Name],

Thanks for registering with [YourAppName]!

Your account has been successfully created. You're now part of a growing community of [your app's purpose – e.g., learners, creators, explorers, etc.].

Here’s what you can do next:
- Log in and explore your dashboard.
- Complete your profile to get personalized recommendations.
- Start using [key feature].

If you have any questions or feedback, we’re just a click away.

Welcome aboard!  
The [YourAppName] Team
, subject=Registration Successfull) ------>
2025-12-18 23:16:27,825 INFO c.t.s.EmailServiceImpl [http-nio-8080-exec-3] <------ EmailServiceImpl : sendOtp (SUCCESS) ------>
2025-12-18 23:16:27,826 INFO c.t.s.UserLoginProfileServiceImpl [http-nio-8080-exec-3] <------ UserLoginProfileServiceImpl : verifyOtpForRegister (END) with response => SUCCESS ----->
2025-12-18 23:16:27,832 INFO c.t.c.AuthenticationController [http-nio-8080-exec-3] <------ AuthenticationController : verifyOtpForRegister (END) ------>
2025-12-18 23:16:34,276 INFO c.t.c.AuthenticationController [http-nio-8080-exec-4] <------ AuthenticationController : login (BEGIN) ------>
2025-12-18 23:16:34,280 INFO c.t.c.AuthenticationController [http-nio-8080-exec-4] user's tracking id is : abcd1234-5678-90ef-ghij-klmnopqrstuv
2025-12-18 23:16:34,281 INFO c.t.s.UserLoginProfileServiceImpl [http-nio-8080-exec-4] <------ UserLoginProfileServiceImpl : login (BEGIN) with request => LoginRequest(email=kkarun701@gmail.com, password=SecureP@ss123) ------>
2025-12-18 23:16:34,439 INFO c.t.c.AuthenticationController [http-nio-8080-exec-4] <------ AuthenticationController : login (FAILED) ------>
2025-12-18 23:21:11,569 INFO o.s.b.a.SpringApplicationAdminMXBeanRegistrar$SpringApplicationAdmin [RMI TCP Connection(10)-127.0.0.1] Application shutdown requested.
2025-12-18 23:21:11,574 INFO o.s.b.w.e.t.GracefulShutdown [RMI TCP Connection(10)-127.0.0.1] Commencing graceful shutdown. Waiting for active requests to complete
2025-12-18 23:21:11,576 INFO o.a.j.l.DirectJDKLog [tomcat-shutdown] Pausing ProtocolHandler ["http-nio-8080"]
2025-12-18 23:21:11,578 INFO o.s.b.w.e.t.GracefulShutdown [tomcat-shutdown] Graceful shutdown complete
2025-12-18 23:21:11,580 INFO o.a.j.l.DirectJDKLog [RMI TCP Connection(10)-127.0.0.1] Stopping ProtocolHandler ["http-nio-8080"]
2025-12-18 23:21:11,591 INFO o.s.o.j.AbstractEntityManagerFactoryBean [RMI TCP Connection(10)-127.0.0.1] Closing JPA EntityManagerFactory for persistence unit 'default'
2025-12-18 23:21:11,596 INFO c.z.h.HikariDataSource [RMI TCP Connection(10)-127.0.0.1] HikariPool-1 - Shutdown initiated...
2025-12-18 23:21:11,619 INFO c.z.h.HikariDataSource [RMI TCP Connection(10)-127.0.0.1] HikariPool-1 - Shutdown completed.
2025-12-18 23:21:12,745 INFO o.h.v.i.u.Version [background-preinit] HV000001: Hibernate Validator 8.0.2.Final
2025-12-18 23:21:12,770 INFO o.s.b.StartupInfoLogger [restartedMain] Starting TailoraApplication using Java 17.0.1 with PID 11397 (/Userdisk/workspaces/P_Projects/Tailora/target/classes started by karunkumar in /Userdisk/workspaces/P_Projects/Tailora)
2025-12-18 23:21:12,770 INFO o.s.b.SpringApplication [restartedMain] The following 1 profile is active: "dev"
2025-12-18 23:21:12,790 INFO o.s.b.l.DeferredLog [restartedMain] Devtools property defaults active! Set 'spring.devtools.add-properties' to 'false' to disable
2025-12-18 23:21:12,790 INFO o.s.b.l.DeferredLog [restartedMain] For additional web related logging consider setting the 'logging.level.web' property to 'DEBUG'
2025-12-18 23:21:13,387 INFO o.s.d.r.c.RepositoryConfigurationDelegate [restartedMain] Bootstrapping Spring Data JPA repositories in DEFAULT mode.
2025-12-18 23:21:13,422 INFO o.s.d.r.c.RepositoryConfigurationDelegate [restartedMain] Finished Spring Data repository scanning in 30 ms. Found 7 JPA repository interfaces.
2025-12-18 23:21:13,715 INFO o.s.b.w.e.t.TomcatWebServer [restartedMain] Tomcat initialized with port 8080 (http)
2025-12-18 23:21:13,721 INFO o.a.j.l.DirectJDKLog [restartedMain] Initializing ProtocolHandler ["http-nio-8080"]
2025-12-18 23:21:13,722 INFO o.a.j.l.DirectJDKLog [restartedMain] Starting service [Tomcat]
2025-12-18 23:21:13,722 INFO o.a.j.l.DirectJDKLog [restartedMain] Starting Servlet engine: [Apache Tomcat/10.1.40]
2025-12-18 23:21:13,742 INFO o.a.j.l.DirectJDKLog [restartedMain] Initializing Spring embedded WebApplicationContext
2025-12-18 23:21:13,743 INFO o.s.b.w.s.c.ServletWebServerApplicationContext [restartedMain] Root WebApplicationContext: initialization completed in 952 ms
2025-12-18 23:21:13,813 INFO o.h.j.i.u.LogHelper [restartedMain] HHH000204: Processing PersistenceUnitInfo [name: default]
2025-12-18 23:21:13,842 INFO o.h.Version [restartedMain] HHH000412: Hibernate ORM core version 6.6.13.Final
2025-12-18 23:21:13,859 INFO o.h.c.i.RegionFactoryInitiator [restartedMain] HHH000026: Second-level cache disabled
2025-12-18 23:21:13,976 INFO o.s.o.j.p.SpringPersistenceUnitInfo [restartedMain] No LoadTimeWeaver setup: ignoring JPA class transformer
2025-12-18 23:21:13,989 INFO c.z.h.HikariDataSource [restartedMain] HikariPool-1 - Starting...
2025-12-18 23:21:14,103 INFO c.z.h.p.HikariPool [restartedMain] HikariPool-1 - Added connection conn0: url=jdbc:h2:file:/Userdisk/workspaces/P_Projects/Tailora/src/main/resources/tailora_db user=ROOT
2025-12-18 23:21:14,104 INFO c.z.h.HikariDataSource [restartedMain] HikariPool-1 - Start completed.
2025-12-18 23:21:14,115 WARN o.h.e.j.d.i.DialectFactoryImpl [restartedMain] HHH90000025: H2Dialect does not need to be specified explicitly using 'hibernate.dialect' (remove the property setting and it will be selected by default)
2025-12-18 23:21:14,125 INFO o.h.e.j.e.i.JdbcEnvironmentInitiator [restartedMain] HHH10001005: Database info:
	Database JDBC URL [Connecting through datasource 'HikariDataSource (HikariPool-1)']
	Database driver: undefined/unknown
	Database version: 2.3.232
	Autocommit mode: undefined/unknown
	Isolation level: undefined/unknown
	Minimum pool size: undefined/unknown
	Maximum pool size: undefined/unknown
2025-12-18 23:21:14,635 INFO o.h.e.t.j.p.i.JtaPlatformInitiator [restartedMain] HHH000489: No JTA platform available (set 'hibernate.transaction.jta.platform' to enable JTA platform integration)
2025-12-18 23:21:14,658 INFO o.s.o.j.AbstractEntityManagerFactoryBean [restartedMain] Initialized JPA EntityManagerFactory for persistence unit 'default'
2025-12-18 23:21:14,856 INFO o.s.d.j.r.q.QueryEnhancerFactory [restartedMain] Hibernate is in classpath; If applicable, HQL parser will be used.
2025-12-18 23:21:15,105 INFO o.s.s.c.a.a.c.InitializeAuthenticationProviderBeanManagerConfigurer$InitializeAuthenticationProviderManagerConfigurer [restartedMain] Global AuthenticationManager configured with AuthenticationProvider bean with name authenticationProvider
2025-12-18 23:21:15,105 WARN o.s.s.c.a.a.c.InitializeUserDetailsBeanManagerConfigurer$InitializeUserDetailsManagerConfigurer [restartedMain] Global AuthenticationManager configured with an AuthenticationProvider bean. UserDetailsService beans will not be used by Spring Security for automatically configuring username/password login. Consider removing the AuthenticationProvider bean. Alternatively, consider using the UserDetailsService in a manually instantiated DaoAuthenticationProvider. If the current configuration is intentional, to turn off this warning, increase the logging level of 'org.springframework.security.config.annotation.authentication.configuration.InitializeUserDetailsBeanManagerConfigurer' to ERROR
2025-12-18 23:21:15,193 WARN o.s.b.a.o.j.JpaBaseConfiguration$JpaWebConfiguration [restartedMain] spring.jpa.open-in-view is enabled by default. Therefore, database queries may be performed during view rendering. Explicitly configure spring.jpa.open-in-view to disable this warning
2025-12-18 23:21:15,516 INFO o.s.b.a.h.H2ConsoleAutoConfiguration$H2ConsoleLogger [restartedMain] H2 console available at '/h2-console'. Database available at 'jdbc:h2:file:/Userdisk/workspaces/P_Projects/Tailora/src/main/resources/tailora_db'
2025-12-18 23:21:15,543 WARN o.s.s.c.a.w.b.WebSecurity [restartedMain] You are asking Spring Security to ignore Ant [pattern='/h2-console/**']. This is not recommended -- please use permitAll via HttpSecurity#authorizeHttpRequests instead.
2025-12-18 23:21:15,570 INFO o.s.b.d.a.OptionalLiveReloadServer [restartedMain] LiveReload server is running on port 35729
2025-12-18 23:21:15,584 INFO o.a.j.l.DirectJDKLog [restartedMain] Starting ProtocolHandler ["http-nio-8080"]
2025-12-18 23:21:15,591 INFO o.s.b.w.e.t.TomcatWebServer [restartedMain] Tomcat started on port 8080 (http) with context path '/'
2025-12-18 23:21:15,598 INFO o.s.b.StartupInfoLogger [restartedMain] Started TailoraApplication in 3.094 seconds (process running for 3.429)
2025-12-18 23:21:19,723 INFO o.a.j.l.DirectJDKLog [http-nio-8080-exec-1] Initializing Spring DispatcherServlet 'dispatcherServlet'
2025-12-18 23:21:19,723 INFO o.s.w.s.FrameworkServlet [http-nio-8080-exec-1] Initializing Servlet 'dispatcherServlet'
2025-12-18 23:21:19,724 INFO o.s.w.s.FrameworkServlet [http-nio-8080-exec-1] Completed initialization in 1 ms
2025-12-18 23:21:19,800 INFO c.t.c.AuthenticationController [http-nio-8080-exec-1] <------ AuthenticationController : login (BEGIN) ------>
2025-12-18 23:21:19,807 INFO c.t.c.AuthenticationController [http-nio-8080-exec-1] user's tracking id is : abcd1234-5678-90ef-ghij-klmnopqrstuv
2025-12-18 23:21:19,808 INFO c.t.s.UserLoginProfileServiceImpl [http-nio-8080-exec-1] <------ UserLoginProfileServiceImpl : login (BEGIN) with request => LoginRequest(email=kkarun701@gmail.com, password=SecureP@ss123) ------>
2025-12-18 23:21:20,025 INFO c.t.c.AuthenticationController [http-nio-8080-exec-1] <------ AuthenticationController : login (FAILED) ------>
2025-12-18 23:22:19,990 INFO o.s.b.a.SpringApplicationAdminMXBeanRegistrar$SpringApplicationAdmin [RMI TCP Connection(3)-127.0.0.1] Application shutdown requested.
2025-12-18 23:22:19,994 INFO o.s.b.w.e.t.GracefulShutdown [RMI TCP Connection(3)-127.0.0.1] Commencing graceful shutdown. Waiting for active requests to complete
2025-12-18 23:22:19,996 INFO o.a.j.l.DirectJDKLog [tomcat-shutdown] Pausing ProtocolHandler ["http-nio-8080"]
2025-12-18 23:22:20,002 INFO o.s.b.w.e.t.GracefulShutdown [tomcat-shutdown] Graceful shutdown complete
2025-12-18 23:22:20,003 INFO o.a.j.l.DirectJDKLog [RMI TCP Connection(3)-127.0.0.1] Stopping ProtocolHandler ["http-nio-8080"]
2025-12-18 23:22:20,012 INFO o.s.o.j.AbstractEntityManagerFactoryBean [RMI TCP Connection(3)-127.0.0.1] Closing JPA EntityManagerFactory for persistence unit 'default'
2025-12-18 23:22:20,016 INFO c.z.h.HikariDataSource [RMI TCP Connection(3)-127.0.0.1] HikariPool-1 - Shutdown initiated...
2025-12-18 23:22:20,081 INFO c.z.h.HikariDataSource [RMI TCP Connection(3)-127.0.0.1] HikariPool-1 - Shutdown completed.
2025-12-18 23:22:24,636 INFO o.h.v.i.u.Version [background-preinit] HV000001: Hibernate Validator 8.0.2.Final
2025-12-18 23:22:24,658 INFO o.s.b.StartupInfoLogger [restartedMain] Starting TailoraApplication using Java 17.0.1 with PID 11542 (/Userdisk/workspaces/P_Projects/Tailora/target/classes started by karunkumar in /Userdisk/workspaces/P_Projects/Tailora)
2025-12-18 23:22:24,658 INFO o.s.b.SpringApplication [restartedMain] The following 1 profile is active: "dev"
2025-12-18 23:22:24,684 INFO o.s.b.l.DeferredLog [restartedMain] Devtools property defaults active! Set 'spring.devtools.add-properties' to 'false' to disable
2025-12-18 23:22:24,684 INFO o.s.b.l.DeferredLog [restartedMain] For additional web related logging consider setting the 'logging.level.web' property to 'DEBUG'
2025-12-18 23:22:25,212 INFO o.s.d.r.c.RepositoryConfigurationDelegate [restartedMain] Bootstrapping Spring Data JPA repositories in DEFAULT mode.
2025-12-18 23:22:25,257 INFO o.s.d.r.c.RepositoryConfigurationDelegate [restartedMain] Finished Spring Data repository scanning in 39 ms. Found 7 JPA repository interfaces.
2025-12-18 23:22:25,689 INFO o.s.b.w.e.t.TomcatWebServer [restartedMain] Tomcat initialized with port 8080 (http)
2025-12-18 23:22:25,697 INFO o.a.j.l.DirectJDKLog [restartedMain] Initializing ProtocolHandler ["http-nio-8080"]
2025-12-18 23:22:25,698 INFO o.a.j.l.DirectJDKLog [restartedMain] Starting service [Tomcat]
2025-12-18 23:22:25,698 INFO o.a.j.l.DirectJDKLog [restartedMain] Starting Servlet engine: [Apache Tomcat/10.1.40]
2025-12-18 23:22:25,724 INFO o.a.j.l.DirectJDKLog [restartedMain] Initializing Spring embedded WebApplicationContext
2025-12-18 23:22:25,724 INFO o.s.b.w.s.c.ServletWebServerApplicationContext [restartedMain] Root WebApplicationContext: initialization completed in 1039 ms
2025-12-18 23:22:25,804 INFO o.h.j.i.u.LogHelper [restartedMain] HHH000204: Processing PersistenceUnitInfo [name: default]
2025-12-18 23:22:25,837 INFO o.h.Version [restartedMain] HHH000412: Hibernate ORM core version 6.6.13.Final
2025-12-18 23:22:25,857 INFO o.h.c.i.RegionFactoryInitiator [restartedMain] HHH000026: Second-level cache disabled
2025-12-18 23:22:26,010 INFO o.s.o.j.p.SpringPersistenceUnitInfo [restartedMain] No LoadTimeWeaver setup: ignoring JPA class transformer
2025-12-18 23:22:26,029 INFO c.z.h.HikariDataSource [restartedMain] HikariPool-1 - Starting...
2025-12-18 23:22:26,173 INFO c.z.h.p.HikariPool [restartedMain] HikariPool-1 - Added connection conn0: url=jdbc:h2:file:/Userdisk/workspaces/P_Projects/Tailora/src/main/resources/tailora_db user=ROOT
2025-12-18 23:22:26,174 INFO c.z.h.HikariDataSource [restartedMain] HikariPool-1 - Start completed.
2025-12-18 23:22:26,190 WARN o.h.e.j.d.i.DialectFactoryImpl [restartedMain] HHH90000025: H2Dialect does not need to be specified explicitly using 'hibernate.dialect' (remove the property setting and it will be selected by default)
2025-12-18 23:22:26,204 INFO o.h.e.j.e.i.JdbcEnvironmentInitiator [restartedMain] HHH10001005: Database info:
	Database JDBC URL [Connecting through datasource 'HikariDataSource (HikariPool-1)']
	Database driver: undefined/unknown
	Database version: 2.3.232
	Autocommit mode: undefined/unknown
	Isolation level: undefined/unknown
	Minimum pool size: undefined/unknown
	Maximum pool size: undefined/unknown
2025-12-18 23:22:26,849 INFO o.h.e.t.j.p.i.JtaPlatformInitiator [restartedMain] HHH000489: No JTA platform available (set 'hibernate.transaction.jta.platform' to enable JTA platform integration)
2025-12-18 23:22:26,879 INFO o.s.o.j.AbstractEntityManagerFactoryBean [restartedMain] Initialized JPA EntityManagerFactory for persistence unit 'default'
2025-12-18 23:22:27,146 INFO o.s.d.j.r.q.QueryEnhancerFactory [restartedMain] Hibernate is in classpath; If applicable, HQL parser will be used.
2025-12-18 23:22:27,464 INFO o.s.s.c.a.a.c.InitializeAuthenticationProviderBeanManagerConfigurer$InitializeAuthenticationProviderManagerConfigurer [restartedMain] Global AuthenticationManager configured with AuthenticationProvider bean with name authenticationProvider
2025-12-18 23:22:27,465 WARN o.s.s.c.a.a.c.InitializeUserDetailsBeanManagerConfigurer$InitializeUserDetailsManagerConfigurer [restartedMain] Global AuthenticationManager configured with an AuthenticationProvider bean. UserDetailsService beans will not be used by Spring Security for automatically configuring username/password login. Consider removing the AuthenticationProvider bean. Alternatively, consider using the UserDetailsService in a manually instantiated DaoAuthenticationProvider. If the current configuration is intentional, to turn off this warning, increase the logging level of 'org.springframework.security.config.annotation.authentication.configuration.InitializeUserDetailsBeanManagerConfigurer' to ERROR
2025-12-18 23:22:27,576 WARN o.s.b.a.o.j.JpaBaseConfiguration$JpaWebConfiguration [restartedMain] spring.jpa.open-in-view is enabled by default. Therefore, database queries may be performed during view rendering. Explicitly configure spring.jpa.open-in-view to disable this warning
2025-12-18 23:22:27,956 INFO o.s.b.a.h.H2ConsoleAutoConfiguration$H2ConsoleLogger [restartedMain] H2 console available at '/h2-console'. Database available at 'jdbc:h2:file:/Userdisk/workspaces/P_Projects/Tailora/src/main/resources/tailora_db'
2025-12-18 23:22:27,988 WARN o.s.s.c.a.w.b.WebSecurity [restartedMain] You are asking Spring Security to ignore Ant [pattern='/h2-console/**']. This is not recommended -- please use permitAll via HttpSecurity#authorizeHttpRequests instead.
2025-12-18 23:22:28,019 INFO o.s.b.d.a.OptionalLiveReloadServer [restartedMain] LiveReload server is running on port 35729
2025-12-18 23:22:28,037 INFO o.a.j.l.DirectJDKLog [restartedMain] Starting ProtocolHandler ["http-nio-8080"]
2025-12-18 23:22:28,049 INFO o.s.b.w.e.t.TomcatWebServer [restartedMain] Tomcat started on port 8080 (http) with context path '/'
2025-12-18 23:22:28,057 INFO o.s.b.StartupInfoLogger [restartedMain] Started TailoraApplication in 3.68 seconds (process running for 4.19)
2025-12-18 23:22:33,680 INFO o.a.j.l.DirectJDKLog [http-nio-8080-exec-2] Initializing Spring DispatcherServlet 'dispatcherServlet'
2025-12-18 23:22:33,681 INFO o.s.w.s.FrameworkServlet [http-nio-8080-exec-2] Initializing Servlet 'dispatcherServlet'
2025-12-18 23:22:33,682 INFO o.s.w.s.FrameworkServlet [http-nio-8080-exec-2] Completed initialization in 1 ms
2025-12-18 23:22:33,769 INFO c.t.c.AuthenticationController [http-nio-8080-exec-2] <------ AuthenticationController : login (BEGIN) ------>
2025-12-18 23:22:33,779 INFO c.t.c.AuthenticationController [http-nio-8080-exec-2] user's tracking id is : abcd1234-5678-90ef-ghij-klmnopqrstuv
2025-12-18 23:22:33,779 INFO c.t.s.UserLoginProfileServiceImpl [http-nio-8080-exec-2] <------ UserLoginProfileServiceImpl : login (BEGIN) with request => LoginRequest(email=kkarun701@gmail.com, password=SecureP@ss123) ------>
2025-12-18 23:24:16,399 ERROR c.t.s.s.AuthEntryPointJwt [http-nio-8080-exec-9] Unauthorized error: Full authentication is required to access this resource
2025-12-18 23:24:18,821 ERROR c.t.s.s.AuthEntryPointJwt [http-nio-8080-exec-3] Unauthorized error: Full authentication is required to access this resource
2025-12-18 23:27:49,257 INFO o.h.v.i.u.Version [background-preinit] HV000001: Hibernate Validator 8.0.2.Final
2025-12-18 23:27:49,275 INFO o.s.b.StartupInfoLogger [restartedMain] Starting TailoraApplication using Java 17.0.1 with PID 12425 (/Userdisk/workspaces/P_Projects/Tailora/target/classes started by karunkumar in /Userdisk/workspaces/P_Projects/Tailora)
2025-12-18 23:27:49,277 INFO o.s.b.SpringApplication [restartedMain] The following 1 profile is active: "dev"
2025-12-18 23:27:49,306 INFO o.s.b.l.DeferredLog [restartedMain] Devtools property defaults active! Set 'spring.devtools.add-properties' to 'false' to disable
2025-12-18 23:27:49,306 INFO o.s.b.l.DeferredLog [restartedMain] For additional web related logging consider setting the 'logging.level.web' property to 'DEBUG'
2025-12-18 23:27:49,911 INFO o.s.d.r.c.RepositoryConfigurationDelegate [restartedMain] Bootstrapping Spring Data JPA repositories in DEFAULT mode.
2025-12-18 23:27:49,965 INFO o.s.d.r.c.RepositoryConfigurationDelegate [restartedMain] Finished Spring Data repository scanning in 48 ms. Found 7 JPA repository interfaces.
2025-12-18 23:27:50,363 INFO o.s.b.w.e.t.TomcatWebServer [restartedMain] Tomcat initialized with port 8080 (http)
2025-12-18 23:27:50,370 INFO o.a.j.l.DirectJDKLog [restartedMain] Initializing ProtocolHandler ["http-nio-8080"]
2025-12-18 23:27:50,371 INFO o.a.j.l.DirectJDKLog [restartedMain] Starting service [Tomcat]
2025-12-18 23:27:50,371 INFO o.a.j.l.DirectJDKLog [restartedMain] Starting Servlet engine: [Apache Tomcat/10.1.40]
2025-12-18 23:27:50,398 INFO o.a.j.l.DirectJDKLog [restartedMain] Initializing Spring embedded WebApplicationContext
2025-12-18 23:27:50,398 INFO o.s.b.w.s.c.ServletWebServerApplicationContext [restartedMain] Root WebApplicationContext: initialization completed in 1091 ms
2025-12-18 23:27:50,483 INFO o.h.j.i.u.LogHelper [restartedMain] HHH000204: Processing PersistenceUnitInfo [name: default]
2025-12-18 23:27:50,515 INFO o.h.Version [restartedMain] HHH000412: Hibernate ORM core version 6.6.13.Final
2025-12-18 23:27:50,535 INFO o.h.c.i.RegionFactoryInitiator [restartedMain] HHH000026: Second-level cache disabled
2025-12-18 23:27:50,688 INFO o.s.o.j.p.SpringPersistenceUnitInfo [restartedMain] No LoadTimeWeaver setup: ignoring JPA class transformer
2025-12-18 23:27:50,706 INFO c.z.h.HikariDataSource [restartedMain] HikariPool-1 - Starting...
2025-12-18 23:27:50,881 INFO c.z.h.p.HikariPool [restartedMain] HikariPool-1 - Added connection conn0: url=jdbc:h2:file:/Userdisk/workspaces/P_Projects/Tailora/src/main/resources/tailora_db user=ROOT
2025-12-18 23:27:50,883 INFO c.z.h.HikariDataSource [restartedMain] HikariPool-1 - Start completed.
2025-12-18 23:27:50,897 WARN o.h.e.j.d.i.DialectFactoryImpl [restartedMain] HHH90000025: H2Dialect does not need to be specified explicitly using 'hibernate.dialect' (remove the property setting and it will be selected by default)
2025-12-18 23:27:50,911 INFO o.h.e.j.e.i.JdbcEnvironmentInitiator [restartedMain] HHH10001005: Database info:
	Database JDBC URL [Connecting through datasource 'HikariDataSource (HikariPool-1)']
	Database driver: undefined/unknown
	Database version: 2.3.232
	Autocommit mode: undefined/unknown
	Isolation level: undefined/unknown
	Minimum pool size: undefined/unknown
	Maximum pool size: undefined/unknown
2025-12-18 23:27:51,530 INFO o.h.e.t.j.p.i.JtaPlatformInitiator [restartedMain] HHH000489: No JTA platform available (set 'hibernate.transaction.jta.platform' to enable JTA platform integration)
2025-12-18 23:27:51,559 INFO o.s.o.j.AbstractEntityManagerFactoryBean [restartedMain] Initialized JPA EntityManagerFactory for persistence unit 'default'
2025-12-18 23:27:51,822 INFO o.s.d.j.r.q.QueryEnhancerFactory [restartedMain] Hibernate is in classpath; If applicable, HQL parser will be used.
2025-12-18 23:27:52,117 INFO o.s.s.c.a.a.c.InitializeAuthenticationProviderBeanManagerConfigurer$InitializeAuthenticationProviderManagerConfigurer [restartedMain] Global AuthenticationManager configured with AuthenticationProvider bean with name authenticationProvider
2025-12-18 23:27:52,118 WARN o.s.s.c.a.a.c.InitializeUserDetailsBeanManagerConfigurer$InitializeUserDetailsManagerConfigurer [restartedMain] Global AuthenticationManager configured with an AuthenticationProvider bean. UserDetailsService beans will not be used by Spring Security for automatically configuring username/password login. Consider removing the AuthenticationProvider bean. Alternatively, consider using the UserDetailsService in a manually instantiated DaoAuthenticationProvider. If the current configuration is intentional, to turn off this warning, increase the logging level of 'org.springframework.security.config.annotation.authentication.configuration.InitializeUserDetailsBeanManagerConfigurer' to ERROR
2025-12-18 23:27:52,221 WARN o.s.b.a.o.j.JpaBaseConfiguration$JpaWebConfiguration [restartedMain] spring.jpa.open-in-view is enabled by default. Therefore, database queries may be performed during view rendering. Explicitly configure spring.jpa.open-in-view to disable this warning
2025-12-18 23:27:52,763 INFO o.s.b.a.h.H2ConsoleAutoConfiguration$H2ConsoleLogger [restartedMain] H2 console available at '/h2-console'. Database available at 'jdbc:h2:file:/Userdisk/workspaces/P_Projects/Tailora/src/main/resources/tailora_db'
2025-12-18 23:27:52,800 WARN o.s.s.c.a.w.b.WebSecurity [restartedMain] You are asking Spring Security to ignore Ant [pattern='/h2-console/**']. This is not recommended -- please use permitAll via HttpSecurity#authorizeHttpRequests instead.
2025-12-18 23:27:52,835 INFO o.s.b.d.a.OptionalLiveReloadServer [restartedMain] LiveReload server is running on port 35729
2025-12-18 23:27:52,855 INFO o.a.j.l.DirectJDKLog [restartedMain] Starting ProtocolHandler ["http-nio-8080"]
2025-12-18 23:27:52,867 INFO o.s.b.w.e.t.TomcatWebServer [restartedMain] Tomcat started on port 8080 (http) with context path '/'
2025-12-18 23:27:52,877 INFO o.s.b.StartupInfoLogger [restartedMain] Started TailoraApplication in 3.905 seconds (process running for 4.516)
2025-12-18 23:27:59,270 INFO o.a.j.l.DirectJDKLog [http-nio-8080-exec-1] Initializing Spring DispatcherServlet 'dispatcherServlet'
2025-12-18 23:27:59,270 INFO o.s.w.s.FrameworkServlet [http-nio-8080-exec-1] Initializing Servlet 'dispatcherServlet'
2025-12-18 23:27:59,272 INFO o.s.w.s.FrameworkServlet [http-nio-8080-exec-1] Completed initialization in 2 ms
2025-12-18 23:27:59,383 INFO c.t.c.AuthenticationController [http-nio-8080-exec-1] <------ AuthenticationController : login (BEGIN) ------>
2025-12-18 23:27:59,395 INFO c.t.c.AuthenticationController [http-nio-8080-exec-1] user's tracking id is : abcd1234-5678-90ef-ghij-klmnopqrstuv
2025-12-18 23:27:59,395 INFO c.t.s.UserLoginProfileServiceImpl [http-nio-8080-exec-1] <------ UserLoginProfileServiceImpl : login (BEGIN) with request => LoginRequest(email=kkarun701@gmail.com, password=SecureP@ss123) ------>
2025-12-18 23:30:35,919 INFO o.h.v.i.u.Version [background-preinit] HV000001: Hibernate Validator 8.0.2.Final
2025-12-18 23:30:35,960 INFO o.s.b.StartupInfoLogger [restartedMain] Starting TailoraApplication using Java 17.0.1 with PID 12860 (/Userdisk/workspaces/P_Projects/Tailora/target/classes started by karunkumar in /Userdisk/workspaces/P_Projects/Tailora)
2025-12-18 23:30:35,961 INFO o.s.b.SpringApplication [restartedMain] The following 1 profile is active: "dev"
2025-12-18 23:30:35,998 INFO o.s.b.l.DeferredLog [restartedMain] Devtools property defaults active! Set 'spring.devtools.add-properties' to 'false' to disable
2025-12-18 23:30:35,999 INFO o.s.b.l.DeferredLog [restartedMain] For additional web related logging consider setting the 'logging.level.web' property to 'DEBUG'
2025-12-18 23:30:36,621 INFO o.s.d.r.c.RepositoryConfigurationDelegate [restartedMain] Bootstrapping Spring Data JPA repositories in DEFAULT mode.
2025-12-18 23:30:36,675 INFO o.s.d.r.c.RepositoryConfigurationDelegate [restartedMain] Finished Spring Data repository scanning in 44 ms. Found 7 JPA repository interfaces.
2025-12-18 23:30:37,133 INFO o.s.b.w.e.t.TomcatWebServer [restartedMain] Tomcat initialized with port 8080 (http)
2025-12-18 23:30:37,140 INFO o.a.j.l.DirectJDKLog [restartedMain] Initializing ProtocolHandler ["http-nio-8080"]
2025-12-18 23:30:37,141 INFO o.a.j.l.DirectJDKLog [restartedMain] Starting service [Tomcat]
2025-12-18 23:30:37,142 INFO o.a.j.l.DirectJDKLog [restartedMain] Starting Servlet engine: [Apache Tomcat/10.1.40]
2025-12-18 23:30:37,168 INFO o.a.j.l.DirectJDKLog [restartedMain] Initializing Spring embedded WebApplicationContext
2025-12-18 23:30:37,168 INFO o.s.b.w.s.c.ServletWebServerApplicationContext [restartedMain] Root WebApplicationContext: initialization completed in 1168 ms
2025-12-18 23:30:37,248 INFO o.h.j.i.u.LogHelper [restartedMain] HHH000204: Processing PersistenceUnitInfo [name: default]
2025-12-18 23:30:37,279 INFO o.h.Version [restartedMain] HHH000412: Hibernate ORM core version 6.6.13.Final
2025-12-18 23:30:37,300 INFO o.h.c.i.RegionFactoryInitiator [restartedMain] HHH000026: Second-level cache disabled
2025-12-18 23:30:37,448 INFO o.s.o.j.p.SpringPersistenceUnitInfo [restartedMain] No LoadTimeWeaver setup: ignoring JPA class transformer
2025-12-18 23:30:37,468 INFO c.z.h.HikariDataSource [restartedMain] HikariPool-1 - Starting...
2025-12-18 23:30:37,612 INFO c.z.h.p.HikariPool [restartedMain] HikariPool-1 - Added connection conn0: url=jdbc:h2:file:/Userdisk/workspaces/P_Projects/Tailora/src/main/resources/tailora_db user=ROOT
2025-12-18 23:30:37,613 INFO c.z.h.HikariDataSource [restartedMain] HikariPool-1 - Start completed.
2025-12-18 23:30:37,629 WARN o.h.e.j.d.i.DialectFactoryImpl [restartedMain] HHH90000025: H2Dialect does not need to be specified explicitly using 'hibernate.dialect' (remove the property setting and it will be selected by default)
2025-12-18 23:30:37,643 INFO o.h.e.j.e.i.JdbcEnvironmentInitiator [restartedMain] HHH10001005: Database info:
	Database JDBC URL [Connecting through datasource 'HikariDataSource (HikariPool-1)']
	Database driver: undefined/unknown
	Database version: 2.3.232
	Autocommit mode: undefined/unknown
	Isolation level: undefined/unknown
	Minimum pool size: undefined/unknown
	Maximum pool size: undefined/unknown
2025-12-18 23:30:38,278 INFO o.h.e.t.j.p.i.JtaPlatformInitiator [restartedMain] HHH000489: No JTA platform available (set 'hibernate.transaction.jta.platform' to enable JTA platform integration)
2025-12-18 23:30:38,305 INFO o.s.o.j.AbstractEntityManagerFactoryBean [restartedMain] Initialized JPA EntityManagerFactory for persistence unit 'default'
2025-12-18 23:30:38,586 INFO o.s.d.j.r.q.QueryEnhancerFactory [restartedMain] Hibernate is in classpath; If applicable, HQL parser will be used.
2025-12-18 23:30:38,887 INFO o.s.s.c.a.a.c.InitializeAuthenticationProviderBeanManagerConfigurer$InitializeAuthenticationProviderManagerConfigurer [restartedMain] Global AuthenticationManager configured with AuthenticationProvider bean with name authenticationProvider
2025-12-18 23:30:38,888 WARN o.s.s.c.a.a.c.InitializeUserDetailsBeanManagerConfigurer$InitializeUserDetailsManagerConfigurer [restartedMain] Global AuthenticationManager configured with an AuthenticationProvider bean. UserDetailsService beans will not be used by Spring Security for automatically configuring username/password login. Consider removing the AuthenticationProvider bean. Alternatively, consider using the UserDetailsService in a manually instantiated DaoAuthenticationProvider. If the current configuration is intentional, to turn off this warning, increase the logging level of 'org.springframework.security.config.annotation.authentication.configuration.InitializeUserDetailsBeanManagerConfigurer' to ERROR
2025-12-18 23:30:38,989 WARN o.s.b.a.o.j.JpaBaseConfiguration$JpaWebConfiguration [restartedMain] spring.jpa.open-in-view is enabled by default. Therefore, database queries may be performed during view rendering. Explicitly configure spring.jpa.open-in-view to disable this warning
2025-12-18 23:30:39,388 INFO o.s.b.a.h.H2ConsoleAutoConfiguration$H2ConsoleLogger [restartedMain] H2 console available at '/h2-console'. Database available at 'jdbc:h2:file:/Userdisk/workspaces/P_Projects/Tailora/src/main/resources/tailora_db'
2025-12-18 23:30:39,424 WARN o.s.s.c.a.w.b.WebSecurity [restartedMain] You are asking Spring Security to ignore Ant [pattern='/h2-console/**']. This is not recommended -- please use permitAll via HttpSecurity#authorizeHttpRequests instead.
2025-12-18 23:30:39,453 INFO o.s.b.d.a.OptionalLiveReloadServer [restartedMain] LiveReload server is running on port 35729
2025-12-18 23:30:39,468 INFO o.a.j.l.DirectJDKLog [restartedMain] Starting ProtocolHandler ["http-nio-8080"]
2025-12-18 23:30:39,478 INFO o.s.b.w.e.t.TomcatWebServer [restartedMain] Tomcat started on port 8080 (http) with context path '/'
2025-12-18 23:30:39,492 INFO o.s.b.StartupInfoLogger [restartedMain] Started TailoraApplication in 3.931 seconds (process running for 4.64)
2025-12-18 23:30:57,235 INFO o.h.v.i.u.Version [background-preinit] HV000001: Hibernate Validator 8.0.2.Final
2025-12-18 23:30:57,257 INFO o.s.b.StartupInfoLogger [restartedMain] Starting TailoraApplication using Java 17.0.1 with PID 12980 (/Userdisk/workspaces/P_Projects/Tailora/target/classes started by karunkumar in /Userdisk/workspaces/P_Projects/Tailora)
2025-12-18 23:30:57,258 INFO o.s.b.SpringApplication [restartedMain] The following 1 profile is active: "dev"
2025-12-18 23:30:57,285 INFO o.s.b.l.DeferredLog [restartedMain] Devtools property defaults active! Set 'spring.devtools.add-properties' to 'false' to disable
2025-12-18 23:30:57,285 INFO o.s.b.l.DeferredLog [restartedMain] For additional web related logging consider setting the 'logging.level.web' property to 'DEBUG'
2025-12-18 23:30:57,842 INFO o.s.d.r.c.RepositoryConfigurationDelegate [restartedMain] Bootstrapping Spring Data JPA repositories in DEFAULT mode.
2025-12-18 23:30:57,885 INFO o.s.d.r.c.RepositoryConfigurationDelegate [restartedMain] Finished Spring Data repository scanning in 36 ms. Found 7 JPA repository interfaces.
2025-12-18 23:30:58,296 INFO o.s.b.w.e.t.TomcatWebServer [restartedMain] Tomcat initialized with port 8080 (http)
2025-12-18 23:30:58,303 INFO o.a.j.l.DirectJDKLog [restartedMain] Initializing ProtocolHandler ["http-nio-8080"]
2025-12-18 23:30:58,304 INFO o.a.j.l.DirectJDKLog [restartedMain] Starting service [Tomcat]
2025-12-18 23:30:58,305 INFO o.a.j.l.DirectJDKLog [restartedMain] Starting Servlet engine: [Apache Tomcat/10.1.40]
2025-12-18 23:30:58,331 INFO o.a.j.l.DirectJDKLog [restartedMain] Initializing Spring embedded WebApplicationContext
2025-12-18 23:30:58,331 INFO o.s.b.w.s.c.ServletWebServerApplicationContext [restartedMain] Root WebApplicationContext: initialization completed in 1045 ms
2025-12-18 23:30:58,419 INFO o.h.j.i.u.LogHelper [restartedMain] HHH000204: Processing PersistenceUnitInfo [name: default]
2025-12-18 23:30:58,452 INFO o.h.Version [restartedMain] HHH000412: Hibernate ORM core version 6.6.13.Final
2025-12-18 23:30:58,472 INFO o.h.c.i.RegionFactoryInitiator [restartedMain] HHH000026: Second-level cache disabled
2025-12-18 23:30:58,628 INFO o.s.o.j.p.SpringPersistenceUnitInfo [restartedMain] No LoadTimeWeaver setup: ignoring JPA class transformer
2025-12-18 23:30:58,648 INFO c.z.h.HikariDataSource [restartedMain] HikariPool-1 - Starting...
2025-12-18 23:30:58,782 INFO c.z.h.p.HikariPool [restartedMain] HikariPool-1 - Added connection conn0: url=jdbc:h2:file:/Userdisk/workspaces/P_Projects/Tailora/src/main/resources/tailora_db user=ROOT
2025-12-18 23:30:58,783 INFO c.z.h.HikariDataSource [restartedMain] HikariPool-1 - Start completed.
2025-12-18 23:30:58,798 WARN o.h.e.j.d.i.DialectFactoryImpl [restartedMain] HHH90000025: H2Dialect does not need to be specified explicitly using 'hibernate.dialect' (remove the property setting and it will be selected by default)
2025-12-18 23:30:58,813 INFO o.h.e.j.e.i.JdbcEnvironmentInitiator [restartedMain] HHH10001005: Database info:
	Database JDBC URL [Connecting through datasource 'HikariDataSource (HikariPool-1)']
	Database driver: undefined/unknown
	Database version: 2.3.232
	Autocommit mode: undefined/unknown
	Isolation level: undefined/unknown
	Minimum pool size: undefined/unknown
	Maximum pool size: undefined/unknown
2025-12-18 23:30:59,427 INFO o.h.e.t.j.p.i.JtaPlatformInitiator [restartedMain] HHH000489: No JTA platform available (set 'hibernate.transaction.jta.platform' to enable JTA platform integration)
2025-12-18 23:30:59,463 INFO o.s.o.j.AbstractEntityManagerFactoryBean [restartedMain] Initialized JPA EntityManagerFactory for persistence unit 'default'
2025-12-18 23:30:59,837 INFO o.s.d.j.r.q.QueryEnhancerFactory [restartedMain] Hibernate is in classpath; If applicable, HQL parser will be used.
2025-12-18 23:31:00,196 INFO o.s.s.c.a.a.c.InitializeAuthenticationProviderBeanManagerConfigurer$InitializeAuthenticationProviderManagerConfigurer [restartedMain] Global AuthenticationManager configured with AuthenticationProvider bean with name authenticationProvider
2025-12-18 23:31:00,196 WARN o.s.s.c.a.a.c.InitializeUserDetailsBeanManagerConfigurer$InitializeUserDetailsManagerConfigurer [restartedMain] Global AuthenticationManager configured with an AuthenticationProvider bean. UserDetailsService beans will not be used by Spring Security for automatically configuring username/password login. Consider removing the AuthenticationProvider bean. Alternatively, consider using the UserDetailsService in a manually instantiated DaoAuthenticationProvider. If the current configuration is intentional, to turn off this warning, increase the logging level of 'org.springframework.security.config.annotation.authentication.configuration.InitializeUserDetailsBeanManagerConfigurer' to ERROR
2025-12-18 23:31:00,313 WARN o.s.b.a.o.j.JpaBaseConfiguration$JpaWebConfiguration [restartedMain] spring.jpa.open-in-view is enabled by default. Therefore, database queries may be performed during view rendering. Explicitly configure spring.jpa.open-in-view to disable this warning
2025-12-18 23:31:00,688 INFO o.s.b.a.h.H2ConsoleAutoConfiguration$H2ConsoleLogger [restartedMain] H2 console available at '/h2-console'. Database available at 'jdbc:h2:file:/Userdisk/workspaces/P_Projects/Tailora/src/main/resources/tailora_db'
2025-12-18 23:31:00,721 WARN o.s.s.c.a.w.b.WebSecurity [restartedMain] You are asking Spring Security to ignore Ant [pattern='/h2-console/**']. This is not recommended -- please use permitAll via HttpSecurity#authorizeHttpRequests instead.
2025-12-18 23:31:00,749 INFO o.s.b.d.a.OptionalLiveReloadServer [restartedMain] LiveReload server is running on port 35729
2025-12-18 23:31:00,767 INFO o.a.j.l.DirectJDKLog [restartedMain] Starting ProtocolHandler ["http-nio-8080"]
2025-12-18 23:31:00,775 INFO o.s.b.w.e.t.TomcatWebServer [restartedMain] Tomcat started on port 8080 (http) with context path '/'
2025-12-18 23:31:00,785 INFO o.s.b.StartupInfoLogger [restartedMain] Started TailoraApplication in 3.82 seconds (process running for 4.367)
2025-12-18 23:31:09,827 INFO o.a.j.l.DirectJDKLog [http-nio-8080-exec-2] Initializing Spring DispatcherServlet 'dispatcherServlet'
2025-12-18 23:31:09,828 INFO o.s.w.s.FrameworkServlet [http-nio-8080-exec-2] Initializing Servlet 'dispatcherServlet'
2025-12-18 23:31:09,829 INFO o.s.w.s.FrameworkServlet [http-nio-8080-exec-2] Completed initialization in 1 ms
2025-12-18 23:31:09,938 INFO c.t.c.AuthenticationController [http-nio-8080-exec-2] <------ AuthenticationController : register (BEGIN) ------>
2025-12-18 23:31:09,948 INFO c.t.c.AuthenticationController [http-nio-8080-exec-2] user's tracking id is : abcd1234-5678-90ef-ghij-klmnopqrstuv
2025-12-18 23:31:09,949 INFO c.t.s.UserLoginProfileServiceImpl [http-nio-8080-exec-2] <------ UserLoginProfileServiceImpl : register (BEGIN) with request => SignupRequest(username=john_dose, email=kkarun701@gmail.com, password=SecureP@ss123, mobilenumber=9876543201) ------>
2025-12-18 23:31:10,065 INFO c.t.s.EmailServiceImpl [http-nio-8080-exec-2] <------ EmailServiceImpl : sendOtp (BEGIN) with request => EmailDto(toEmail=kkarun701@gmail.com, body=null, subject=One Time Password for your Regsistration) ------>
2025-12-18 23:31:10,070 INFO c.t.s.EmailServiceImpl [http-nio-8080-exec-2] <------ EmailServiceImpl : sendOtp otp => 153986 ------>
2025-12-18 23:31:10,070 INFO c.t.s.OtpEntityServiceImpl [http-nio-8080-exec-2] <------ OtpEntityServiceImpl : saveOtp (BEGIN) with request => OtpEntity(email=kkarun701@gmail.com, otp=153986, description=One Time Password for your Regsistration) ------>
2025-12-18 23:31:10,072 INFO c.t.s.OtpEntityServiceImpl [http-nio-8080-exec-2] <------ OtpEntityServiceImpl : saveOtp (END) ------>
2025-12-18 23:31:20,356 INFO c.t.s.EmailServiceImpl [http-nio-8080-exec-2] <------ EmailServiceImpl : sendOtp (SUCCESS) ------>
2025-12-18 23:31:20,357 INFO c.t.s.UserLoginProfileServiceImpl [http-nio-8080-exec-2] <------ UserLoginProfileServiceImpl : register (END) ----->
2025-12-18 23:31:20,358 INFO c.t.c.AuthenticationController [http-nio-8080-exec-2] <------ AuthenticationController : register (END) ------>
2025-12-18 23:32:06,136 INFO c.t.c.AuthenticationController [http-nio-8080-exec-3] <------ AuthenticationController : verifyOtpForRegister (BEGIN) ------>
2025-12-18 23:32:06,139 INFO c.t.c.AuthenticationController [http-nio-8080-exec-3] user's tracking id is : 123e4567-e89b-12d3-a456-426614174000
2025-12-18 23:32:06,143 INFO c.t.s.UserLoginProfileServiceImpl [http-nio-8080-exec-3] <------ UserLoginProfileServiceImpl : verifyOtpForRegister (BEGIN) with request => OtpEntityDto(email=kkarun701@gmail.com, otp=153986, description=null) ------>
2025-12-18 23:32:19,299 INFO c.t.s.UserProfileServiceImpl [http-nio-8080-exec-3] <------ UserProfileServiceImpl : addUser (BEGIN) ------>
2025-12-18 23:32:19,301 INFO c.t.s.UserProfileServiceImpl [http-nio-8080-exec-3] <------ UserProfileServiceImpl : addUser (END) ------>
2025-12-18 23:32:19,313 INFO c.t.s.EmailServiceImpl [http-nio-8080-exec-3] <------ EmailServiceImpl : sendOtp (BEGIN) with request => EmailDto(toEmail=kkarun701@gmail.com, body=Hi [User's Name],

Thanks for registering with [YourAppName]!

Your account has been successfully created. You're now part of a growing community of [your app's purpose – e.g., learners, creators, explorers, etc.].

Here’s what you can do next:
- Log in and explore your dashboard.
- Complete your profile to get personalized recommendations.
- Start using [key feature].

If you have any questions or feedback, we’re just a click away.

Welcome aboard!  
The [YourAppName] Team
, subject=Registration Successfull) ------>
2025-12-18 23:32:29,764 INFO c.t.s.EmailServiceImpl [http-nio-8080-exec-3] <------ EmailServiceImpl : sendOtp (SUCCESS) ------>
2025-12-18 23:32:29,765 INFO c.t.s.UserLoginProfileServiceImpl [http-nio-8080-exec-3] <------ UserLoginProfileServiceImpl : verifyOtpForRegister (END) with response => SUCCESS ----->
2025-12-18 23:32:29,770 INFO c.t.c.AuthenticationController [http-nio-8080-exec-3] <------ AuthenticationController : verifyOtpForRegister (END) ------>
2025-12-18 23:32:38,868 INFO c.t.c.AuthenticationController [http-nio-8080-exec-4] <------ AuthenticationController : login (BEGIN) ------>
2025-12-18 23:32:38,871 INFO c.t.c.AuthenticationController [http-nio-8080-exec-4] user's tracking id is : abcd1234-5678-90ef-ghij-klmnopqrstuv
2025-12-18 23:32:38,871 INFO c.t.s.UserLoginProfileServiceImpl [http-nio-8080-exec-4] <------ UserLoginProfileServiceImpl : login (BEGIN) with request => LoginRequest(email=kkarun701@gmail.com, password=SecureP@ss123) ------>
2025-12-18 23:34:03,358 INFO c.t.c.AuthenticationController [http-nio-8080-exec-4] <------ AuthenticationController : login (FAILED) ------>
2025-12-18 23:34:36,325 ERROR c.t.s.s.AuthEntryPointJwt [http-nio-8080-exec-1] Unauthorized error: Full authentication is required to access this resource
2025-12-18 23:34:38,402 ERROR c.t.s.s.AuthEntryPointJwt [http-nio-8080-exec-7] Unauthorized error: Full authentication is required to access this resource
2025-12-18 23:35:22,463 INFO c.t.c.AuthenticationController [http-nio-8080-exec-9] <------ AuthenticationController : login (BEGIN) ------>
2025-12-18 23:35:22,464 INFO c.t.c.AuthenticationController [http-nio-8080-exec-9] user's tracking id is : abcd1234-5678-90ef-ghij-klmnopqrstuv
2025-12-18 23:35:22,464 INFO c.t.s.UserLoginProfileServiceImpl [http-nio-8080-exec-9] <------ UserLoginProfileServiceImpl : login (BEGIN) with request => LoginRequest(email=kkarun701@gmail.com, password=SecureP@ss123) ------>
2025-12-18 23:35:31,109 INFO c.t.c.AuthenticationController [http-nio-8080-exec-9] <------ AuthenticationController : login (FAILED) ------>
